Entry No.,Date,Subsidiary,Location,Currency,Account,Memo,Debit,Credit,Department,Cost Centre,Mgmt P&L,Name
6001,2024-09-30,Ndevor Systems Ltd : Phorest Ireland,Ireland : Ireland(Rep.),EUR,40040 Sales : SMS,September SMS DDI,,151.48,Revenue,Revenue,Recurring Revenue,3625
6001,2024-09-30,Ndevor Systems Ltd : Phorest Ireland,Ireland : Ireland(Rep.),EUR,16050 Other Current Assets : Accrued SMS,September SMS DDI,151.48,,Balance Sheet,Balance Sheet,Balance Sheet,3625
6002,2024-09-30,Ndevor Systems Ltd : Phorest Ireland,Ireland : Ireland(Rep.),EUR,40040 Sales : SMS,September SMS DDI,,109.45,Revenue,Revenue,Recurring Revenue,3624
6002,2024-09-30,Ndevor Systems Ltd : Phorest Ireland,Ireland : Ireland(Rep.),EUR,16050 Other Current Assets : Accrued SMS,September SMS DDI,109.45,,Balance Sheet,Balance Sheet,Balance Sheet,3624
6003,2024-09-30,Ndevor Systems Ltd : Phorest Ireland,Ireland : Ireland(Rep.),EUR,40040 Sales : SMS,September SMS DDI,,27.9,Revenue,Revenue,Recurring Revenue,3611
6003,2024-09-30,Ndevor Systems Ltd : Phorest Ireland,Ireland : Ireland(Rep.),EUR,16050 Other Current Assets : Accrued SMS,September SMS DDI,27.9,,Balance Sheet,Balance Sheet,Balance Sheet,3611
6004,2024-09-30,Ndevor Systems Ltd : Phorest Ireland,Ireland : Ireland(Rep.),EUR,40040 Sales : SMS,September SMS DDI,,2250.0,Revenue,Revenue,Recurring Revenue,3611
6004,2024-09-30,Ndevor Systems Ltd : Phorest Ireland,Ireland : Ireland(Rep.),EUR,16050 Other Current Assets : Accrued SMS,September SMS DDI,2250.0,,Balance Sheet,Balance Sheet,Balance Sheet,3611
6005,2024-09-30,Ndevor Systems Ltd : Phorest Ireland,Ireland : Ireland(Rep.),EUR,40040 Sales : SMS,September SMS DDI,,38.0,Revenue,Revenue,Recurring Revenue,3606
6005,2024-09-30,Ndevor Systems Ltd : Phorest Ireland,Ireland : Ireland(Rep.),EUR,16050 Other Current Assets : Accrued SMS,September SMS DDI,38.0,,Balance Sheet,Balance Sheet,Balance Sheet,3606
6006,2024-09-30,Ndevor Systems Ltd : Phorest Ireland,Ireland : Ireland(Rep.),EUR,40040 Sales : SMS,September SMS DDI,,33.37,Revenue,Revenue,Recurring Revenue,3604
6006,2024-09-30,Ndevor Systems Ltd : Phorest Ireland,Ireland : Ireland(Rep.),EUR,16050 Other Current Assets : Accrued SMS,September SMS DDI,33.37,,Balance Sheet,Balance Sheet,Balance Sheet,3604
6007,2024-09-30,Ndevor Systems Ltd : Phorest Ireland,Ireland : Ireland(Rep.),EUR,40040 Sales : SMS,September SMS DDI,,35.34,Revenue,Revenue,Recurring Revenue,3594
6007,2024-09-30,Ndevor Systems Ltd : Phorest Ireland,Ireland : Ireland(Rep.),EUR,16050 Other Current Assets : Accrued SMS,September SMS DDI,35.34,,Balance Sheet,Balance Sheet,Balance Sheet,3594
6008,2024-09-30,Ndevor Systems Ltd : Phorest Ireland,Ireland : Ireland(Rep.),EUR,40040 Sales : SMS,September SMS DDI,,166.46,Revenue,Revenue,Recurring Revenue,3593
6008,2024-09-30,Ndevor Systems Ltd : Phorest Ireland,Ireland : Ireland(Rep.),EUR,16050 Other Current Assets : Accrued SMS,September SMS DDI,166.46,,Balance Sheet,Balance Sheet,Balance Sheet,3593
6009,2024-09-30,Ndevor Systems Ltd : Phorest Ireland,Ireland : Ireland(Rep.),EUR,40040 Sales : SMS,September SMS DDI,,414.46,Revenue,Revenue,Recurring Revenue,3581
6009,2024-09-30,Ndevor Systems Ltd : Phorest Ireland,Ireland : Ireland(Rep.),EUR,16050 Other Current Assets : Accrued SMS,September SMS DDI,414.46,,Balance Sheet,Balance Sheet,Balance Sheet,3581
6010,2024-09-30,Ndevor Systems Ltd : Phorest Ireland,Ireland : Ireland(Rep.),EUR,40040 Sales : SMS,September SMS DDI,,36.42,Revenue,Revenue,Recurring Revenue,3580
6010,2024-09-30,Ndevor Systems Ltd : Phorest Ireland,Ireland : Ireland(Rep.),EUR,16050 Other Current Assets : Accrued SMS,September SMS DDI,36.42,,Balance Sheet,Balance Sheet,Balance Sheet,3580
6011,2024-09-30,Ndevor Systems Ltd : Phorest Ireland,Ireland : Ireland(Rep.),EUR,40040 Sales : SMS,September SMS DDI,,294.63,Revenue,Revenue,Recurring Revenue,3574
6011,2024-09-30,Ndevor Systems Ltd : Phorest Ireland,Ireland : Ireland(Rep.),EUR,16050 Other Current Assets : Accrued SMS,September SMS DDI,294.63,,Balance Sheet,Balance Sheet,Balance Sheet,3574
6012,2024-09-30,Ndevor Systems Ltd : Phorest Ireland,Ireland : Ireland(Rep.),EUR,40040 Sales : SMS,September SMS DDI,,34.51,Revenue,Revenue,Recurring Revenue,3552
6012,2024-09-30,Ndevor Systems Ltd : Phorest Ireland,Ireland : Ireland(Rep.),EUR,16050 Other Current Assets : Accrued SMS,September SMS DDI,34.51,,Balance Sheet,Balance Sheet,Balance Sheet,3552
6013,2024-09-30,Ndevor Systems Ltd : Phorest Ireland,Ireland : Ireland(Rep.),EUR,40040 Sales : SMS,September SMS DDI,,14.13,Revenue,Revenue,Recurring Revenue,3543
6013,2024-09-30,Ndevor Systems Ltd : Phorest Ireland,Ireland : Ireland(Rep.),EUR,16050 Other Current Assets : Accrued SMS,September SMS DDI,14.13,,Balance Sheet,Balance Sheet,Balance Sheet,3543
6014,2024-09-30,Ndevor Systems Ltd : Phorest Ireland,Ireland : Ireland(Rep.),EUR,40040 Sales : SMS,September SMS DDI,,39.13,Revenue,Revenue,Recurring Revenue,3536
6014,2024-09-30,Ndevor Systems Ltd : Phorest Ireland,Ireland : Ireland(Rep.),EUR,16050 Other Current Assets : Accrued SMS,September SMS DDI,39.13,,Balance Sheet,Balance Sheet,Balance Sheet,3536
6015,2024-09-30,Ndevor Systems Ltd : Phorest Ireland,Ireland : Ireland(Rep.),EUR,40040 Sales : SMS,September SMS DDI,,143.43,Revenue,Revenue,Recurring Revenue,3531
6015,2024-09-30,Ndevor Systems Ltd : Phorest Ireland,Ireland : Ireland(Rep.),EUR,16050 Other Current Assets : Accrued SMS,September SMS DDI,143.43,,Balance Sheet,Balance Sheet,Balance Sheet,3531
6016,2024-09-30,Ndevor Systems Ltd : Phorest Ireland,Ireland : Ireland(Rep.),EUR,40040 Sales : SMS,September SMS DDI,,55.09,Revenue,Revenue,Recurring Revenue,3527
6016,2024-09-30,Ndevor Systems Ltd : Phorest Ireland,Ireland : Ireland(Rep.),EUR,16050 Other Current Assets : Accrued SMS,September SMS DDI,55.09,,Balance Sheet,Balance Sheet,Balance Sheet,3527
6017,2024-09-30,Ndevor Systems Ltd : Phorest Ireland : Phorest UK,UK : United Kingdom(NI),GBP,40040 Sales : SMS,September SMS DDI,,16.73,Revenue,Revenue,Recurring Revenue,3517
6017,2024-09-30,Ndevor Systems Ltd : Phorest Ireland : Phorest UK,UK : United Kingdom(NI),GBP,16050 Other Current Assets : Accrued SMS,September SMS DDI,16.73,,Balance Sheet,Balance Sheet,Balance Sheet,3517
6018,2024-09-30,Ndevor Systems Ltd : Phorest Ireland : Phorest UK,UK : United Kingdom(NI),GBP,40040 Sales : SMS,September SMS DDI,,51.91,Revenue,Revenue,Recurring Revenue,3516
6018,2024-09-30,Ndevor Systems Ltd : Phorest Ireland : Phorest UK,UK : United Kingdom(NI),GBP,16050 Other Current Assets : Accrued SMS,September SMS DDI,51.91,,Balance Sheet,Balance Sheet,Balance Sheet,3516
6019,2024-09-30,Ndevor Systems Ltd : Phorest Ireland,Ireland : Ireland(Rep.),EUR,40040 Sales : SMS,September SMS DDI,,2.6,Revenue,Revenue,Recurring Revenue,3440
6019,2024-09-30,Ndevor Systems Ltd : Phorest Ireland,Ireland : Ireland(Rep.),EUR,16050 Other Current Assets : Accrued SMS,September SMS DDI,2.6,,Balance Sheet,Balance Sheet,Balance Sheet,3440
6020,2024-09-30,Ndevor Systems Ltd : Phorest Ireland,Ireland : Ireland(Rep.),EUR,40040 Sales : SMS,September SMS DDI,,36.0,Revenue,Revenue,Recurring Revenue,3416
6020,2024-09-30,Ndevor Systems Ltd : Phorest Ireland,Ireland : Ireland(Rep.),EUR,16050 Other Current Assets : Accrued SMS,September SMS DDI,36.0,,Balance Sheet,Balance Sheet,Balance Sheet,3416
6021,2024-09-30,Ndevor Systems Ltd : Phorest Ireland,Ireland : Ireland(Rep.),EUR,40040 Sales : SMS,September SMS DDI,,103.46,Revenue,Revenue,Recurring Revenue,3406
6021,2024-09-30,Ndevor Systems Ltd : Phorest Ireland,Ireland : Ireland(Rep.),EUR,16050 Other Current Assets : Accrued SMS,September SMS DDI,103.46,,Balance Sheet,Balance Sheet,Balance Sheet,3406
6022,2024-09-30,Ndevor Systems Ltd : Phorest Ireland,Ireland : Ireland(Rep.),EUR,40040 Sales : SMS,September SMS DDI,,41.93,Revenue,Revenue,Recurring Revenue,3399
6022,2024-09-30,Ndevor Systems Ltd : Phorest Ireland,Ireland : Ireland(Rep.),EUR,16050 Other Current Assets : Accrued SMS,September SMS DDI,41.93,,Balance Sheet,Balance Sheet,Balance Sheet,3399
6023,2024-09-30,Ndevor Systems Ltd : Phorest Ireland,Ireland : Ireland(Rep.),EUR,40040 Sales : SMS,September SMS DDI,,16.8,Revenue,Revenue,Recurring Revenue,3388
6023,2024-09-30,Ndevor Systems Ltd : Phorest Ireland,Ireland : Ireland(Rep.),EUR,16050 Other Current Assets : Accrued SMS,September SMS DDI,16.8,,Balance Sheet,Balance Sheet,Balance Sheet,3388
6024,2024-09-30,Ndevor Systems Ltd : Phorest Ireland,Ireland : Ireland(Rep.),EUR,40040 Sales : SMS,September SMS DDI,,19.18,Revenue,Revenue,Recurring Revenue,3383
6024,2024-09-30,Ndevor Systems Ltd : Phorest Ireland,Ireland : Ireland(Rep.),EUR,16050 Other Current Assets : Accrued SMS,September SMS DDI,19.18,,Balance Sheet,Balance Sheet,Balance Sheet,3383
6025,2024-09-30,Ndevor Systems Ltd : Phorest Ireland,Ireland : Ireland(Rep.),EUR,40040 Sales : SMS,September SMS DDI,,28.9,Revenue,Revenue,Recurring Revenue,3337
6025,2024-09-30,Ndevor Systems Ltd : Phorest Ireland,Ireland : Ireland(Rep.),EUR,16050 Other Current Assets : Accrued SMS,September SMS DDI,28.9,,Balance Sheet,Balance Sheet,Balance Sheet,3337
6026,2024-09-30,Ndevor Systems Ltd : Phorest Ireland,Ireland : Ireland(Rep.),EUR,40040 Sales : SMS,September SMS DDI,,65.46,Revenue,Revenue,Recurring Revenue,3291
6026,2024-09-30,Ndevor Systems Ltd : Phorest Ireland,Ireland : Ireland(Rep.),EUR,16050 Other Current Assets : Accrued SMS,September SMS DDI,65.46,,Balance Sheet,Balance Sheet,Balance Sheet,3291
6027,2024-09-30,Ndevor Systems Ltd : Phorest Ireland,Ireland : Ireland(Rep.),EUR,40040 Sales : SMS,September SMS DDI,,31.58,Revenue,Revenue,Recurring Revenue,3234
6027,2024-09-30,Ndevor Systems Ltd : Phorest Ireland,Ireland : Ireland(Rep.),EUR,16050 Other Current Assets : Accrued SMS,September SMS DDI,31.58,,Balance Sheet,Balance Sheet,Balance Sheet,3234
6028,2024-09-30,Ndevor Systems Ltd : Phorest Ireland,Ireland : Ireland(Rep.),EUR,40040 Sales : SMS,September SMS DDI,,35.9,Revenue,Revenue,Recurring Revenue,3156
6028,2024-09-30,Ndevor Systems Ltd : Phorest Ireland,Ireland : Ireland(Rep.),EUR,16050 Other Current Assets : Accrued SMS,September SMS DDI,35.9,,Balance Sheet,Balance Sheet,Balance Sheet,3156
6029,2024-09-30,Ndevor Systems Ltd : Phorest Ireland,Ireland : Ireland(Rep.),EUR,40040 Sales : SMS,September SMS DDI,,36.79,Revenue,Revenue,Recurring Revenue,3057
6029,2024-09-30,Ndevor Systems Ltd : Phorest Ireland,Ireland : Ireland(Rep.),EUR,16050 Other Current Assets : Accrued SMS,September SMS DDI,36.79,,Balance Sheet,Balance Sheet,Balance Sheet,3057
6030,2024-09-30,Ndevor Systems Ltd : Phorest Ireland,Ireland : Ireland(Rep.),EUR,40040 Sales : SMS,September SMS DDI,,89.6,Revenue,Revenue,Recurring Revenue,3032
6030,2024-09-30,Ndevor Systems Ltd : Phorest Ireland,Ireland : Ireland(Rep.),EUR,16050 Other Current Assets : Accrued SMS,September SMS DDI,89.6,,Balance Sheet,Balance Sheet,Balance Sheet,3032
6031,2024-09-30,Ndevor Systems Ltd : Phorest Ireland,Ireland : Ireland(Rep.),EUR,40040 Sales : SMS,September SMS DDI,,164.92,Revenue,Revenue,Recurring Revenue,3005
6031,2024-09-30,Ndevor Systems Ltd : Phorest Ireland,Ireland : Ireland(Rep.),EUR,16050 Other Current Assets : Accrued SMS,September SMS DDI,164.92,,Balance Sheet,Balance Sheet,Balance Sheet,3005
6032,2024-09-30,Ndevor Systems Ltd : Phorest Ireland,Ireland : Ireland(Rep.),EUR,40040 Sales : SMS,September SMS DDI,,7.75,Revenue,Revenue,Recurring Revenue,2761
6032,2024-09-30,Ndevor Systems Ltd : Phorest Ireland,Ireland : Ireland(Rep.),EUR,16050 Other Current Assets : Accrued SMS,September SMS DDI,7.75,,Balance Sheet,Balance Sheet,Balance Sheet,2761
6033,2024-09-30,Ndevor Systems Ltd : Phorest Ireland : Phorest UK,UK : United Kingdom(NI),GBP,40040 Sales : SMS,September SMS DDI,,27.9,Revenue,Revenue,Recurring Revenue,2726
6033,2024-09-30,Ndevor Systems Ltd : Phorest Ireland : Phorest UK,UK : United Kingdom(NI),GBP,16050 Other Current Assets : Accrued SMS,September SMS DDI,27.9,,Balance Sheet,Balance Sheet,Balance Sheet,2726
6034,2024-09-30,Ndevor Systems Ltd : Phorest Ireland,Ireland : Ireland(Rep.),EUR,40040 Sales : SMS,September SMS DDI,,10.99,Revenue,Revenue,Recurring Revenue,2640
6034,2024-09-30,Ndevor Systems Ltd : Phorest Ireland,Ireland : Ireland(Rep.),EUR,16050 Other Current Assets : Accrued SMS,September SMS DDI,10.99,,Balance Sheet,Balance Sheet,Balance Sheet,2640
6035,2024-09-30,Ndevor Systems Ltd : Phorest Ireland : Phorest UK,UK : United Kingdom(NI),GBP,40040 Sales : SMS,September SMS DDI,,38.85,Revenue,Revenue,Recurring Revenue,2533
6035,2024-09-30,Ndevor Systems Ltd : Phorest Ireland : Phorest UK,UK : United Kingdom(NI),GBP,16050 Other Current Assets : Accrued SMS,September SMS DDI,38.85,,Balance Sheet,Balance Sheet,Balance Sheet,2533
6036,2024-09-30,Ndevor Systems Ltd : Phorest Ireland : Phorest UK,UK : United Kingdom(NI),GBP,40040 Sales : SMS,September SMS DDI,,8.51,Revenue,Revenue,Recurring Revenue,2525
6036,2024-09-30,Ndevor Systems Ltd : Phorest Ireland : Phorest UK,UK : United Kingdom(NI),GBP,16050 Other Current Assets : Accrued SMS,September SMS DDI,8.51,,Balance Sheet,Balance Sheet,Balance Sheet,2525
6037,2024-09-30,Ndevor Systems Ltd : Phorest Ireland,Ireland : Ireland(Rep.),EUR,40040 Sales : SMS,September SMS DDI,,269.34,Revenue,Revenue,Recurring Revenue,2465
6037,2024-09-30,Ndevor Systems Ltd : Phorest Ireland,Ireland : Ireland(Rep.),EUR,16050 Other Current Assets : Accrued SMS,September SMS DDI,269.34,,Balance Sheet,Balance Sheet,Balance Sheet,2465
6038,2024-09-30,Ndevor Systems Ltd : Phorest Ireland,Ireland : Ireland(Rep.),EUR,40040 Sales : SMS,September SMS DDI,,27.02,Revenue,Revenue,Recurring Revenue,2431
6038,2024-09-30,Ndevor Systems Ltd : Phorest Ireland,Ireland : Ireland(Rep.),EUR,16050 Other Current Assets : Accrued SMS,September SMS DDI,27.02,,Balance Sheet,Balance Sheet,Balance Sheet,2431
6039,2024-09-30,Ndevor Systems Ltd : Phorest Ireland,Ireland : Ireland(Rep.),EUR,40040 Sales : SMS,September SMS DDI,,0.66,Revenue,Revenue,Recurring Revenue,2231
6039,2024-09-30,Ndevor Systems Ltd : Phorest Ireland,Ireland : Ireland(Rep.),EUR,16050 Other Current Assets : Accrued SMS,September SMS DDI,0.66,,Balance Sheet,Balance Sheet,Balance Sheet,2231
6040,2024-09-30,Ndevor Systems Ltd : Phorest Ireland,Ireland : Ireland(Rep.),EUR,40040 Sales : SMS,September SMS DDI,,44.45,Revenue,Revenue,Recurring Revenue,2209
6040,2024-09-30,Ndevor Systems Ltd : Phorest Ireland,Ireland : Ireland(Rep.),EUR,16050 Other Current Assets : Accrued SMS,September SMS DDI,44.45,,Balance Sheet,Balance Sheet,Balance Sheet,2209
6041,2024-09-30,Ndevor Systems Ltd : Phorest Ireland,Ireland : Ireland(Rep.),EUR,40040 Sales : SMS,September SMS DDI,,72.31,Revenue,Revenue,Recurring Revenue,1974
6041,2024-09-30,Ndevor Systems Ltd : Phorest Ireland,Ireland : Ireland(Rep.),EUR,16050 Other Current Assets : Accrued SMS,September SMS DDI,72.31,,Balance Sheet,Balance Sheet,Balance Sheet,1974
6042,2024-09-30,Ndevor Systems Ltd : Phorest Ireland,Ireland : Ireland(Rep.),EUR,40040 Sales : SMS,September SMS DDI,,107.67,Revenue,Revenue,Recurring Revenue,1926
6042,2024-09-30,Ndevor Systems Ltd : Phorest Ireland,Ireland : Ireland(Rep.),EUR,16050 Other Current Assets : Accrued SMS,September SMS DDI,107.67,,Balance Sheet,Balance Sheet,Balance Sheet,1926
6043,2024-09-30,Ndevor Systems Ltd : Phorest Ireland,Ireland : Ireland(Rep.),EUR,40040 Sales : SMS,September SMS DDI,,44.8,Revenue,Revenue,Recurring Revenue,1915
6043,2024-09-30,Ndevor Systems Ltd : Phorest Ireland,Ireland : Ireland(Rep.),EUR,16050 Other Current Assets : Accrued SMS,September SMS DDI,44.8,,Balance Sheet,Balance Sheet,Balance Sheet,1915
