Entry No.,Date,Subsidiary,Location,Currency,Account,Memo,Debit,Credit,Department,Cost Centre,Mgmt P&L,Name
6001,2024-10-31,Ndevor Systems Ltd : Phorest Ireland : Phorest UK,UK : United Kingdom(Mainland),GBP,40040 Sales : SMS,October SMS Plan Usage,11.77,,Revenue,Revenue,Recurring Revenue,7926
6001,2024-10-31,Ndevor Systems Ltd : Phorest Ireland : Phorest UK,UK : United Kingdom(Mainland),GBP,40041 Sales : SMS : SMS Plan Usage in Month,October SMS Plan Usage,,11.77,Revenue,Revenue,Recurring Revenue,7926
6002,2024-10-31,Ndevor Systems Ltd : Phorest Ireland : Phorest UK,UK : United Kingdom(Mainland),GBP,40040 Sales : SMS,October SMS Plan Usage,31.92,,Revenue,Revenue,Recurring Revenue,7919
6002,2024-10-31,Ndevor Systems Ltd : Phorest Ireland : Phorest UK,UK : United Kingdom(Mainland),GBP,40041 Sales : SMS : SMS Plan Usage in Month,October SMS Plan Usage,,31.92,Revenue,Revenue,Recurring Revenue,7919
6003,2024-10-31,Ndevor Systems Ltd : Phorest Ireland,Ireland : Ireland(Rep.),EUR,40040 Sales : SMS,October SMS Plan Usage,19.6,,Revenue,Revenue,Recurring Revenue,7905
6003,2024-10-31,Ndevor Systems Ltd : Phorest Ireland,Ireland : Ireland(Rep.),EUR,40041 Sales : SMS : SMS Plan Usage in Month,October SMS Plan Usage,,19.6,Revenue,Revenue,Recurring Revenue,7905
6004,2024-10-31,Ndevor Systems Ltd : Phorest Ireland : Phorest UK,UK : United Kingdom(Mainland),GBP,40040 Sales : SMS,October SMS Plan Usage,11.34,,Revenue,Revenue,Recurring Revenue,7897
6004,2024-10-31,Ndevor Systems Ltd : Phorest Ireland : Phorest UK,UK : United Kingdom(Mainland),GBP,40041 Sales : SMS : SMS Plan Usage in Month,October SMS Plan Usage,,11.34,Revenue,Revenue,Recurring Revenue,7897
6005,2024-10-31,Ndevor Systems Ltd : Phorest Ireland : Phorest UK,UK : United Kingdom(Mainland),GBP,40040 Sales : SMS,October SMS Plan Usage,8.69,,Revenue,Revenue,Recurring Revenue,7879
6005,2024-10-31,Ndevor Systems Ltd : Phorest Ireland : Phorest UK,UK : United Kingdom(Mainland),GBP,40041 Sales : SMS : SMS Plan Usage in Month,October SMS Plan Usage,,8.69,Revenue,Revenue,Recurring Revenue,7879
6006,2024-10-31,Ndevor Systems Ltd : Phorest Ireland : Phorest UK,UK : United Kingdom(Mainland),GBP,40040 Sales : SMS,October SMS Plan Usage,28.0,,Revenue,Revenue,Recurring Revenue,7878
6006,2024-10-31,Ndevor Systems Ltd : Phorest Ireland : Phorest UK,UK : United Kingdom(Mainland),GBP,40041 Sales : SMS : SMS Plan Usage in Month,October SMS Plan Usage,,28.0,Revenue,Revenue,Recurring Revenue,7878
6007,2024-10-31,Ndevor Systems Ltd : Phorest Ireland : Phorest UK,UK : United Kingdom(Mainland),GBP,40040 Sales : SMS,October SMS Plan Usage,28.59,,Revenue,Revenue,Recurring Revenue,7873
6007,2024-10-31,Ndevor Systems Ltd : Phorest Ireland : Phorest UK,UK : United Kingdom(Mainland),GBP,40041 Sales : SMS : SMS Plan Usage in Month,October SMS Plan Usage,,28.59,Revenue,Revenue,Recurring Revenue,7873
6008,2024-10-31,Ndevor Systems Ltd : Phorest Ireland : Phorest UK,UK : United Kingdom(NI),GBP,40040 Sales : SMS,October SMS Plan Usage,16.8,,Revenue,Revenue,Recurring Revenue,7866
6008,2024-10-31,Ndevor Systems Ltd : Phorest Ireland : Phorest UK,UK : United Kingdom(NI),GBP,40041 Sales : SMS : SMS Plan Usage in Month,October SMS Plan Usage,,16.8,Revenue,Revenue,Recurring Revenue,7866
6009,2024-10-31,Ndevor Systems Ltd : Phorest Ireland : Phorest UK,UK : United Kingdom(Mainland),GBP,40040 Sales : SMS,October SMS Plan Usage,27.72,,Revenue,Revenue,Recurring Revenue,7858
6009,2024-10-31,Ndevor Systems Ltd : Phorest Ireland : Phorest UK,UK : United Kingdom(Mainland),GBP,40041 Sales : SMS : SMS Plan Usage in Month,October SMS Plan Usage,,27.72,Revenue,Revenue,Recurring Revenue,7858
6010,2024-10-31,Ndevor Systems Ltd : Phorest Ireland,Ireland : Ireland(Rep.),EUR,40040 Sales : SMS,October SMS Plan Usage,334.18,,Revenue,Revenue,Recurring Revenue,7857
6010,2024-10-31,Ndevor Systems Ltd : Phorest Ireland,Ireland : Ireland(Rep.),EUR,40041 Sales : SMS : SMS Plan Usage in Month,October SMS Plan Usage,,334.18,Revenue,Revenue,Recurring Revenue,7857
6011,2024-10-31,Ndevor Systems Ltd : Phorest Ireland : Phorest UK,UK : United Kingdom(Mainland),GBP,40040 Sales : SMS,October SMS Plan Usage,35.41,,Revenue,Revenue,Recurring Revenue,7852
6011,2024-10-31,Ndevor Systems Ltd : Phorest Ireland : Phorest UK,UK : United Kingdom(Mainland),GBP,40041 Sales : SMS : SMS Plan Usage in Month,October SMS Plan Usage,,35.41,Revenue,Revenue,Recurring Revenue,7852
6012,2024-10-31,Ndevor Systems Ltd : Phorest Ireland : Phorest UK,UK : United Kingdom(Mainland),GBP,40040 Sales : SMS,October SMS Plan Usage,96.74,,Revenue,Revenue,Recurring Revenue,7847
6012,2024-10-31,Ndevor Systems Ltd : Phorest Ireland : Phorest UK,UK : United Kingdom(Mainland),GBP,40041 Sales : SMS : SMS Plan Usage in Month,October SMS Plan Usage,,96.74,Revenue,Revenue,Recurring Revenue,7847
6013,2024-10-31,Ndevor Systems Ltd : Phorest Ireland : Phorest UK,UK : United Kingdom(Mainland),GBP,40040 Sales : SMS,October SMS Plan Usage,0.28,,Revenue,Revenue,Recurring Revenue,7838
6013,2024-10-31,Ndevor Systems Ltd : Phorest Ireland : Phorest UK,UK : United Kingdom(Mainland),GBP,40041 Sales : SMS : SMS Plan Usage in Month,October SMS Plan Usage,,0.28,Revenue,Revenue,Recurring Revenue,7838
6014,2024-10-31,Ndevor Systems Ltd : Phorest Ireland,Ireland : Ireland(Rep.),EUR,40040 Sales : SMS,October SMS Plan Usage,131.04,,Revenue,Revenue,Recurring Revenue,7836
6014,2024-10-31,Ndevor Systems Ltd : Phorest Ireland,Ireland : Ireland(Rep.),EUR,40041 Sales : SMS : SMS Plan Usage in Month,October SMS Plan Usage,,131.04,Revenue,Revenue,Recurring Revenue,7836
6015,2024-10-31,Ndevor Systems Ltd : Phorest Ireland : Phorest UK,UK : United Kingdom(Mainland),GBP,40040 Sales : SMS,October SMS Plan Usage,7.7,,Revenue,Revenue,Recurring Revenue,7834
6015,2024-10-31,Ndevor Systems Ltd : Phorest Ireland : Phorest UK,UK : United Kingdom(Mainland),GBP,40041 Sales : SMS : SMS Plan Usage in Month,October SMS Plan Usage,,7.7,Revenue,Revenue,Recurring Revenue,7834
6016,2024-10-31,Ndevor Systems Ltd : Phorest Ireland : Phorest UK,UK : United Kingdom(Mainland),GBP,40040 Sales : SMS,October SMS Plan Usage,14.1,,Revenue,Revenue,Recurring Revenue,7827
6016,2024-10-31,Ndevor Systems Ltd : Phorest Ireland : Phorest UK,UK : United Kingdom(Mainland),GBP,40041 Sales : SMS : SMS Plan Usage in Month,October SMS Plan Usage,,14.1,Revenue,Revenue,Recurring Revenue,7827
6017,2024-10-31,Ndevor Systems Ltd : Phorest Ireland : Phorest UK,UK : United Kingdom(Mainland),GBP,40040 Sales : SMS,October SMS Plan Usage,27.6,,Revenue,Revenue,Recurring Revenue,7810
6017,2024-10-31,Ndevor Systems Ltd : Phorest Ireland : Phorest UK,UK : United Kingdom(Mainland),GBP,40041 Sales : SMS : SMS Plan Usage in Month,October SMS Plan Usage,,27.6,Revenue,Revenue,Recurring Revenue,7810
6018,2024-10-31,Ndevor Systems Ltd : Phorest Ireland,Ireland : Ireland(Rep.),EUR,40040 Sales : SMS,October SMS Plan Usage,160.16,,Revenue,Revenue,Recurring Revenue,7808
6018,2024-10-31,Ndevor Systems Ltd : Phorest Ireland,Ireland : Ireland(Rep.),EUR,40041 Sales : SMS : SMS Plan Usage in Month,October SMS Plan Usage,,160.16,Revenue,Revenue,Recurring Revenue,7808
6019,2024-10-31,Ndevor Systems Ltd : Phorest Ireland,Ireland : Ireland(Rep.),EUR,40040 Sales : SMS,October SMS Plan Usage,65.86,,Revenue,Revenue,Recurring Revenue,7660
6019,2024-10-31,Ndevor Systems Ltd : Phorest Ireland,Ireland : Ireland(Rep.),EUR,40041 Sales : SMS : SMS Plan Usage in Month,October SMS Plan Usage,,65.86,Revenue,Revenue,Recurring Revenue,7660
6020,2024-10-31,Ndevor Systems Ltd : Phorest Ireland : Phorest UK,UK : United Kingdom(Mainland),GBP,40040 Sales : SMS,October SMS Plan Usage,33.94,,Revenue,Revenue,Recurring Revenue,7619
6020,2024-10-31,Ndevor Systems Ltd : Phorest Ireland : Phorest UK,UK : United Kingdom(Mainland),GBP,40041 Sales : SMS : SMS Plan Usage in Month,October SMS Plan Usage,,33.94,Revenue,Revenue,Recurring Revenue,7619
6021,2024-10-31,Ndevor Systems Ltd : Phorest Ireland : Phorest UK,UK : United Kingdom(Mainland),GBP,40040 Sales : SMS,October SMS Plan Usage,54.86,,Revenue,Revenue,Recurring Revenue,7580
6021,2024-10-31,Ndevor Systems Ltd : Phorest Ireland : Phorest UK,UK : United Kingdom(Mainland),GBP,40041 Sales : SMS : SMS Plan Usage in Month,October SMS Plan Usage,,54.86,Revenue,Revenue,Recurring Revenue,7580
6022,2024-10-31,Ndevor Systems Ltd : Phorest Ireland,Ireland : Ireland(Rep.),EUR,40040 Sales : SMS,October SMS Plan Usage,23.7,,Revenue,Revenue,Recurring Revenue,7497
6022,2024-10-31,Ndevor Systems Ltd : Phorest Ireland,Ireland : Ireland(Rep.),EUR,40041 Sales : SMS : SMS Plan Usage in Month,October SMS Plan Usage,,23.7,Revenue,Revenue,Recurring Revenue,7497
6023,2024-10-31,Ndevor Systems Ltd : Phorest Ireland,Ireland : Ireland(Rep.),EUR,40040 Sales : SMS,October SMS Plan Usage,49.21,,Revenue,Revenue,Recurring Revenue,7416
6023,2024-10-31,Ndevor Systems Ltd : Phorest Ireland,Ireland : Ireland(Rep.),EUR,40041 Sales : SMS : SMS Plan Usage in Month,October SMS Plan Usage,,49.21,Revenue,Revenue,Recurring Revenue,7416
6024,2024-10-31,Ndevor Systems Ltd : Phorest Ireland,Ireland : Ireland(Rep.),EUR,40040 Sales : SMS,October SMS Plan Usage,93.15,,Revenue,Revenue,Recurring Revenue,7331
6024,2024-10-31,Ndevor Systems Ltd : Phorest Ireland,Ireland : Ireland(Rep.),EUR,40041 Sales : SMS : SMS Plan Usage in Month,October SMS Plan Usage,,93.15,Revenue,Revenue,Recurring Revenue,7331
6025,2024-10-31,Ndevor Systems Ltd : Phorest Ireland,Ireland : Ireland(Rep.),EUR,40040 Sales : SMS,October SMS Plan Usage,8.99,,Revenue,Revenue,Recurring Revenue,7329
6025,2024-10-31,Ndevor Systems Ltd : Phorest Ireland,Ireland : Ireland(Rep.),EUR,40041 Sales : SMS : SMS Plan Usage in Month,October SMS Plan Usage,,8.99,Revenue,Revenue,Recurring Revenue,7329
6026,2024-10-31,Ndevor Systems Ltd : Phorest Ireland : Phorest UK,UK : United Kingdom(Mainland),GBP,40040 Sales : SMS,October SMS Plan Usage,17.96,,Revenue,Revenue,Recurring Revenue,7293
6026,2024-10-31,Ndevor Systems Ltd : Phorest Ireland : Phorest UK,UK : United Kingdom(Mainland),GBP,40041 Sales : SMS : SMS Plan Usage in Month,October SMS Plan Usage,,17.96,Revenue,Revenue,Recurring Revenue,7293
6027,2024-10-31,Ndevor Systems Ltd : Phorest Ireland : Phorest UK,UK : United Kingdom(Mainland),GBP,40040 Sales : SMS,October SMS Plan Usage,34.01,,Revenue,Revenue,Recurring Revenue,7290
6027,2024-10-31,Ndevor Systems Ltd : Phorest Ireland : Phorest UK,UK : United Kingdom(Mainland),GBP,40041 Sales : SMS : SMS Plan Usage in Month,October SMS Plan Usage,,34.01,Revenue,Revenue,Recurring Revenue,7290
6028,2024-10-31,Ndevor Systems Ltd : Phorest Ireland : Phorest UK,UK : United Kingdom(Mainland),GBP,40040 Sales : SMS,October SMS Plan Usage,56.54,,Revenue,Revenue,Recurring Revenue,7289
6028,2024-10-31,Ndevor Systems Ltd : Phorest Ireland : Phorest UK,UK : United Kingdom(Mainland),GBP,40041 Sales : SMS : SMS Plan Usage in Month,October SMS Plan Usage,,56.54,Revenue,Revenue,Recurring Revenue,7289
6029,2024-10-31,Ndevor Systems Ltd : Phorest Ireland,Ireland : Ireland(Rep.),EUR,40040 Sales : SMS,October SMS Plan Usage,39.96,,Revenue,Revenue,Recurring Revenue,7268
6029,2024-10-31,Ndevor Systems Ltd : Phorest Ireland,Ireland : Ireland(Rep.),EUR,40041 Sales : SMS : SMS Plan Usage in Month,October SMS Plan Usage,,39.96,Revenue,Revenue,Recurring Revenue,7268
6030,2024-10-31,Ndevor Systems Ltd : Phorest Ireland,Ireland : Ireland(Rep.),EUR,40040 Sales : SMS,October SMS Plan Usage,86.69,,Revenue,Revenue,Recurring Revenue,7251
6030,2024-10-31,Ndevor Systems Ltd : Phorest Ireland,Ireland : Ireland(Rep.),EUR,40041 Sales : SMS : SMS Plan Usage in Month,October SMS Plan Usage,,86.69,Revenue,Revenue,Recurring Revenue,7251
6031,2024-10-31,Ndevor Systems Ltd : Phorest Ireland,Ireland : Ireland(Rep.),EUR,40040 Sales : SMS,October SMS Plan Usage,9.78,,Revenue,Revenue,Recurring Revenue,7200
6031,2024-10-31,Ndevor Systems Ltd : Phorest Ireland,Ireland : Ireland(Rep.),EUR,40041 Sales : SMS : SMS Plan Usage in Month,October SMS Plan Usage,,9.78,Revenue,Revenue,Recurring Revenue,7200
6032,2024-10-31,Ndevor Systems Ltd : Phorest Ireland : Phorest UK,UK : United Kingdom(Mainland),GBP,40040 Sales : SMS,October SMS Plan Usage,77.7,,Revenue,Revenue,Recurring Revenue,7165
6032,2024-10-31,Ndevor Systems Ltd : Phorest Ireland : Phorest UK,UK : United Kingdom(Mainland),GBP,40041 Sales : SMS : SMS Plan Usage in Month,October SMS Plan Usage,,77.7,Revenue,Revenue,Recurring Revenue,7165
6033,2024-10-31,Ndevor Systems Ltd : Phorest Ireland : Phorest UK,UK : United Kingdom(Mainland),GBP,40040 Sales : SMS,October SMS Plan Usage,27.42,,Revenue,Revenue,Recurring Revenue,7120
6033,2024-10-31,Ndevor Systems Ltd : Phorest Ireland : Phorest UK,UK : United Kingdom(Mainland),GBP,40041 Sales : SMS : SMS Plan Usage in Month,October SMS Plan Usage,,27.42,Revenue,Revenue,Recurring Revenue,7120
6034,2024-10-31,Ndevor Systems Ltd : Phorest Ireland : Phorest UK,UK : United Kingdom(Mainland),GBP,40040 Sales : SMS,October SMS Plan Usage,371.98,,Revenue,Revenue,Recurring Revenue,7080
6034,2024-10-31,Ndevor Systems Ltd : Phorest Ireland : Phorest UK,UK : United Kingdom(Mainland),GBP,40041 Sales : SMS : SMS Plan Usage in Month,October SMS Plan Usage,,371.98,Revenue,Revenue,Recurring Revenue,7080
6035,2024-10-31,Ndevor Systems Ltd : Phorest Ireland,Ireland : Ireland(Rep.),EUR,40040 Sales : SMS,October SMS Plan Usage,100.45,,Revenue,Revenue,Recurring Revenue,7061
6035,2024-10-31,Ndevor Systems Ltd : Phorest Ireland,Ireland : Ireland(Rep.),EUR,40041 Sales : SMS : SMS Plan Usage in Month,October SMS Plan Usage,,100.45,Revenue,Revenue,Recurring Revenue,7061
6036,2024-10-31,Ndevor Systems Ltd : Phorest Ireland,Ireland : Ireland(Rep.),EUR,40040 Sales : SMS,October SMS Plan Usage,85.48,,Revenue,Revenue,Recurring Revenue,7003
6036,2024-10-31,Ndevor Systems Ltd : Phorest Ireland,Ireland : Ireland(Rep.),EUR,40041 Sales : SMS : SMS Plan Usage in Month,October SMS Plan Usage,,85.48,Revenue,Revenue,Recurring Revenue,7003
6037,2024-10-31,Ndevor Systems Ltd : Phorest Ireland,Ireland : Ireland(Rep.),EUR,40040 Sales : SMS,October SMS Plan Usage,28.3,,Revenue,Revenue,Recurring Revenue,6996
6037,2024-10-31,Ndevor Systems Ltd : Phorest Ireland,Ireland : Ireland(Rep.),EUR,40041 Sales : SMS : SMS Plan Usage in Month,October SMS Plan Usage,,28.3,Revenue,Revenue,Recurring Revenue,6996
6038,2024-10-31,Ndevor Systems Ltd : Phorest Ireland,Ireland : Ireland(Rep.),EUR,40040 Sales : SMS,October SMS Plan Usage,25.69,,Revenue,Revenue,Recurring Revenue,6918
6038,2024-10-31,Ndevor Systems Ltd : Phorest Ireland,Ireland : Ireland(Rep.),EUR,40041 Sales : SMS : SMS Plan Usage in Month,October SMS Plan Usage,,25.69,Revenue,Revenue,Recurring Revenue,6918
6039,2024-10-31,Ndevor Systems Ltd : Phorest Ireland : Phorest UK,UK : United Kingdom(Mainland),GBP,40040 Sales : SMS,October SMS Plan Usage,28.41,,Revenue,Revenue,Recurring Revenue,6855
6039,2024-10-31,Ndevor Systems Ltd : Phorest Ireland : Phorest UK,UK : United Kingdom(Mainland),GBP,40041 Sales : SMS : SMS Plan Usage in Month,October SMS Plan Usage,,28.41,Revenue,Revenue,Recurring Revenue,6855
6040,2024-10-31,Ndevor Systems Ltd : Phorest Ireland,Ireland : Ireland(Rep.),EUR,40040 Sales : SMS,October SMS Plan Usage,67.34,,Revenue,Revenue,Recurring Revenue,6664
6040,2024-10-31,Ndevor Systems Ltd : Phorest Ireland,Ireland : Ireland(Rep.),EUR,40041 Sales : SMS : SMS Plan Usage in Month,October SMS Plan Usage,,67.34,Revenue,Revenue,Recurring Revenue,6664
6041,2024-10-31,Ndevor Systems Ltd : Phorest Ireland : Phorest UK,UK : United Kingdom(NI),GBP,40040 Sales : SMS,October SMS Plan Usage,15.1,,Revenue,Revenue,Recurring Revenue,6639
6041,2024-10-31,Ndevor Systems Ltd : Phorest Ireland : Phorest UK,UK : United Kingdom(NI),GBP,40041 Sales : SMS : SMS Plan Usage in Month,October SMS Plan Usage,,15.1,Revenue,Revenue,Recurring Revenue,6639
6042,2024-10-31,Ndevor Systems Ltd : Phorest Ireland,Ireland : Ireland(Rep.),EUR,40040 Sales : SMS,October SMS Plan Usage,47.89,,Revenue,Revenue,Recurring Revenue,6584
6042,2024-10-31,Ndevor Systems Ltd : Phorest Ireland,Ireland : Ireland(Rep.),EUR,40041 Sales : SMS : SMS Plan Usage in Month,October SMS Plan Usage,,47.89,Revenue,Revenue,Recurring Revenue,6584
6043,2024-10-31,Ndevor Systems Ltd : Phorest Ireland,Ireland : Ireland(Rep.),EUR,40040 Sales : SMS,October SMS Plan Usage,52.57,,Revenue,Revenue,Recurring Revenue,6501
6043,2024-10-31,Ndevor Systems Ltd : Phorest Ireland,Ireland : Ireland(Rep.),EUR,40041 Sales : SMS : SMS Plan Usage in Month,October SMS Plan Usage,,52.57,Revenue,Revenue,Recurring Revenue,6501
6044,2024-10-31,Ndevor Systems Ltd : Phorest Ireland,Ireland : Ireland(Rep.),EUR,40040 Sales : SMS,October SMS Plan Usage,46.2,,Revenue,Revenue,Recurring Revenue,6499
6044,2024-10-31,Ndevor Systems Ltd : Phorest Ireland,Ireland : Ireland(Rep.),EUR,40041 Sales : SMS : SMS Plan Usage in Month,October SMS Plan Usage,,46.2,Revenue,Revenue,Recurring Revenue,6499
6045,2024-10-31,Ndevor Systems Ltd : Phorest Ireland,Ireland : Ireland(Rep.),EUR,40040 Sales : SMS,October SMS Plan Usage,84.99,,Revenue,Revenue,Recurring Revenue,6468
6045,2024-10-31,Ndevor Systems Ltd : Phorest Ireland,Ireland : Ireland(Rep.),EUR,40041 Sales : SMS : SMS Plan Usage in Month,October SMS Plan Usage,,84.99,Revenue,Revenue,Recurring Revenue,6468
6046,2024-10-31,Ndevor Systems Ltd : Phorest Ireland,Ireland : Ireland(Rep.),EUR,40040 Sales : SMS,October SMS Plan Usage,56.91,,Revenue,Revenue,Recurring Revenue,6399
6046,2024-10-31,Ndevor Systems Ltd : Phorest Ireland,Ireland : Ireland(Rep.),EUR,40041 Sales : SMS : SMS Plan Usage in Month,October SMS Plan Usage,,56.91,Revenue,Revenue,Recurring Revenue,6399
6047,2024-10-31,Ndevor Systems Ltd : Phorest Ireland,Ireland : Ireland(Rep.),EUR,40040 Sales : SMS,October SMS Plan Usage,64.93,,Revenue,Revenue,Recurring Revenue,6361
6047,2024-10-31,Ndevor Systems Ltd : Phorest Ireland,Ireland : Ireland(Rep.),EUR,40041 Sales : SMS : SMS Plan Usage in Month,October SMS Plan Usage,,64.93,Revenue,Revenue,Recurring Revenue,6361
6048,2024-10-31,Ndevor Systems Ltd : Phorest Ireland,Ireland : Ireland(Rep.),EUR,40040 Sales : SMS,October SMS Plan Usage,16.5,,Revenue,Revenue,Recurring Revenue,6338
6048,2024-10-31,Ndevor Systems Ltd : Phorest Ireland,Ireland : Ireland(Rep.),EUR,40041 Sales : SMS : SMS Plan Usage in Month,October SMS Plan Usage,,16.5,Revenue,Revenue,Recurring Revenue,6338
6049,2024-10-31,Ndevor Systems Ltd : Phorest Ireland : Phorest UK,UK : United Kingdom(Mainland),GBP,40040 Sales : SMS,October SMS Plan Usage,13.52,,Revenue,Revenue,Recurring Revenue,6312
6049,2024-10-31,Ndevor Systems Ltd : Phorest Ireland : Phorest UK,UK : United Kingdom(Mainland),GBP,40041 Sales : SMS : SMS Plan Usage in Month,October SMS Plan Usage,,13.52,Revenue,Revenue,Recurring Revenue,6312
6050,2024-10-31,Ndevor Systems Ltd : Phorest Ireland : Phorest UK,UK : United Kingdom(Mainland),GBP,40040 Sales : SMS,October SMS Plan Usage,47.39,,Revenue,Revenue,Recurring Revenue,6189
6050,2024-10-31,Ndevor Systems Ltd : Phorest Ireland : Phorest UK,UK : United Kingdom(Mainland),GBP,40041 Sales : SMS : SMS Plan Usage in Month,October SMS Plan Usage,,47.39,Revenue,Revenue,Recurring Revenue,6189
6051,2024-10-31,Ndevor Systems Ltd : Phorest Ireland : Phorest UK,UK : United Kingdom(Mainland),GBP,40040 Sales : SMS,October SMS Plan Usage,91.32,,Revenue,Revenue,Recurring Revenue,6179
6051,2024-10-31,Ndevor Systems Ltd : Phorest Ireland : Phorest UK,UK : United Kingdom(Mainland),GBP,40041 Sales : SMS : SMS Plan Usage in Month,October SMS Plan Usage,,91.32,Revenue,Revenue,Recurring Revenue,6179
6052,2024-10-31,Ndevor Systems Ltd : Phorest Ireland : Phorest UK,UK : United Kingdom(Mainland),GBP,40040 Sales : SMS,October SMS Plan Usage,32.34,,Revenue,Revenue,Recurring Revenue,6150
6052,2024-10-31,Ndevor Systems Ltd : Phorest Ireland : Phorest UK,UK : United Kingdom(Mainland),GBP,40041 Sales : SMS : SMS Plan Usage in Month,October SMS Plan Usage,,32.34,Revenue,Revenue,Recurring Revenue,6150
6053,2024-10-31,Ndevor Systems Ltd : Phorest Ireland,Ireland : Ireland(Rep.),EUR,40040 Sales : SMS,October SMS Plan Usage,7.55,,Revenue,Revenue,Recurring Revenue,6098
6053,2024-10-31,Ndevor Systems Ltd : Phorest Ireland,Ireland : Ireland(Rep.),EUR,40041 Sales : SMS : SMS Plan Usage in Month,October SMS Plan Usage,,7.55,Revenue,Revenue,Recurring Revenue,6098
6054,2024-10-31,Ndevor Systems Ltd : Phorest Ireland,Ireland : Ireland(Rep.),EUR,40040 Sales : SMS,October SMS Plan Usage,65.46,,Revenue,Revenue,Recurring Revenue,6083
6054,2024-10-31,Ndevor Systems Ltd : Phorest Ireland,Ireland : Ireland(Rep.),EUR,40041 Sales : SMS : SMS Plan Usage in Month,October SMS Plan Usage,,65.46,Revenue,Revenue,Recurring Revenue,6083
6055,2024-10-31,Ndevor Systems Ltd : Phorest Ireland,Ireland : Ireland(Rep.),EUR,40040 Sales : SMS,October SMS Plan Usage,411.7,,Revenue,Revenue,Recurring Revenue,6000
6055,2024-10-31,Ndevor Systems Ltd : Phorest Ireland,Ireland : Ireland(Rep.),EUR,40041 Sales : SMS : SMS Plan Usage in Month,October SMS Plan Usage,,411.7,Revenue,Revenue,Recurring Revenue,6000
6056,2024-10-31,Ndevor Systems Ltd : Phorest Ireland,Ireland : Ireland(Rep.),EUR,40040 Sales : SMS,October SMS Plan Usage,91.51,,Revenue,Revenue,Recurring Revenue,5871
6056,2024-10-31,Ndevor Systems Ltd : Phorest Ireland,Ireland : Ireland(Rep.),EUR,40041 Sales : SMS : SMS Plan Usage in Month,October SMS Plan Usage,,91.51,Revenue,Revenue,Recurring Revenue,5871
6057,2024-10-31,Ndevor Systems Ltd : Phorest Ireland,Ireland : Ireland(Rep.),EUR,40040 Sales : SMS,October SMS Plan Usage,53.52,,Revenue,Revenue,Recurring Revenue,5821
6057,2024-10-31,Ndevor Systems Ltd : Phorest Ireland,Ireland : Ireland(Rep.),EUR,40041 Sales : SMS : SMS Plan Usage in Month,October SMS Plan Usage,,53.52,Revenue,Revenue,Recurring Revenue,5821
6058,2024-10-31,Ndevor Systems Ltd : Phorest Ireland,Ireland : Ireland(Rep.),EUR,40040 Sales : SMS,October SMS Plan Usage,58.17,,Revenue,Revenue,Recurring Revenue,5812
6058,2024-10-31,Ndevor Systems Ltd : Phorest Ireland,Ireland : Ireland(Rep.),EUR,40041 Sales : SMS : SMS Plan Usage in Month,October SMS Plan Usage,,58.17,Revenue,Revenue,Recurring Revenue,5812
6059,2024-10-31,Ndevor Systems Ltd : Phorest Ireland,Ireland : Ireland(Rep.),EUR,40040 Sales : SMS,October SMS Plan Usage,16.55,,Revenue,Revenue,Recurring Revenue,5793
6059,2024-10-31,Ndevor Systems Ltd : Phorest Ireland,Ireland : Ireland(Rep.),EUR,40041 Sales : SMS : SMS Plan Usage in Month,October SMS Plan Usage,,16.55,Revenue,Revenue,Recurring Revenue,5793
6060,2024-10-31,Ndevor Systems Ltd : Phorest Ireland,Ireland : Ireland(Rep.),EUR,40040 Sales : SMS,October SMS Plan Usage,12.68,,Revenue,Revenue,Recurring Revenue,5678
6060,2024-10-31,Ndevor Systems Ltd : Phorest Ireland,Ireland : Ireland(Rep.),EUR,40041 Sales : SMS : SMS Plan Usage in Month,October SMS Plan Usage,,12.68,Revenue,Revenue,Recurring Revenue,5678
6061,2024-10-31,Ndevor Systems Ltd : Phorest Ireland,Ireland : Ireland(Rep.),EUR,40040 Sales : SMS,October SMS Plan Usage,24.53,,Revenue,Revenue,Recurring Revenue,5651
6061,2024-10-31,Ndevor Systems Ltd : Phorest Ireland,Ireland : Ireland(Rep.),EUR,40041 Sales : SMS : SMS Plan Usage in Month,October SMS Plan Usage,,24.53,Revenue,Revenue,Recurring Revenue,5651
6062,2024-10-31,Ndevor Systems Ltd : Phorest Ireland,Ireland : Ireland(Rep.),EUR,40040 Sales : SMS,October SMS Plan Usage,22.43,,Revenue,Revenue,Recurring Revenue,5610
6062,2024-10-31,Ndevor Systems Ltd : Phorest Ireland,Ireland : Ireland(Rep.),EUR,40041 Sales : SMS : SMS Plan Usage in Month,October SMS Plan Usage,,22.43,Revenue,Revenue,Recurring Revenue,5610
6063,2024-10-31,Ndevor Systems Ltd : Phorest Ireland,Ireland : Ireland(Rep.),EUR,40040 Sales : SMS,October SMS Plan Usage,31.2,,Revenue,Revenue,Recurring Revenue,5596
6063,2024-10-31,Ndevor Systems Ltd : Phorest Ireland,Ireland : Ireland(Rep.),EUR,40041 Sales : SMS : SMS Plan Usage in Month,October SMS Plan Usage,,31.2,Revenue,Revenue,Recurring Revenue,5596
6064,2024-10-31,Ndevor Systems Ltd : Phorest Ireland,Ireland : Ireland(Rep.),EUR,40040 Sales : SMS,October SMS Plan Usage,27.8,,Revenue,Revenue,Recurring Revenue,5502
6064,2024-10-31,Ndevor Systems Ltd : Phorest Ireland,Ireland : Ireland(Rep.),EUR,40041 Sales : SMS : SMS Plan Usage in Month,October SMS Plan Usage,,27.8,Revenue,Revenue,Recurring Revenue,5502
6065,2024-10-31,Ndevor Systems Ltd : Phorest Ireland : Phorest UK,UK : United Kingdom(NI),GBP,40040 Sales : SMS,October SMS Plan Usage,33.89,,Revenue,Revenue,Recurring Revenue,5458
6065,2024-10-31,Ndevor Systems Ltd : Phorest Ireland : Phorest UK,UK : United Kingdom(NI),GBP,40041 Sales : SMS : SMS Plan Usage in Month,October SMS Plan Usage,,33.89,Revenue,Revenue,Recurring Revenue,5458
6066,2024-10-31,Ndevor Systems Ltd : Phorest Ireland,Ireland : Ireland(Rep.),EUR,40040 Sales : SMS,October SMS Plan Usage,180.45,,Revenue,Revenue,Recurring Revenue,5259
6066,2024-10-31,Ndevor Systems Ltd : Phorest Ireland,Ireland : Ireland(Rep.),EUR,40041 Sales : SMS : SMS Plan Usage in Month,October SMS Plan Usage,,180.45,Revenue,Revenue,Recurring Revenue,5259
6067,2024-10-31,Ndevor Systems Ltd : Phorest Ireland,Ireland : Ireland(Rep.),EUR,40040 Sales : SMS,October SMS Plan Usage,125.79,,Revenue,Revenue,Recurring Revenue,4902
6067,2024-10-31,Ndevor Systems Ltd : Phorest Ireland,Ireland : Ireland(Rep.),EUR,40041 Sales : SMS : SMS Plan Usage in Month,October SMS Plan Usage,,125.79,Revenue,Revenue,Recurring Revenue,4902
6068,2024-10-31,Ndevor Systems Ltd : Phorest Ireland,Ireland : Ireland(Rep.),EUR,40040 Sales : SMS,October SMS Plan Usage,281.68,,Revenue,Revenue,Recurring Revenue,4643
6068,2024-10-31,Ndevor Systems Ltd : Phorest Ireland,Ireland : Ireland(Rep.),EUR,40041 Sales : SMS : SMS Plan Usage in Month,October SMS Plan Usage,,281.68,Revenue,Revenue,Recurring Revenue,4643
6069,2024-10-31,Ndevor Systems Ltd : Phorest Ireland,Ireland : Ireland(Rep.),EUR,40040 Sales : SMS,October SMS Plan Usage,48.23,,Revenue,Revenue,Recurring Revenue,4418
6069,2024-10-31,Ndevor Systems Ltd : Phorest Ireland,Ireland : Ireland(Rep.),EUR,40041 Sales : SMS : SMS Plan Usage in Month,October SMS Plan Usage,,48.23,Revenue,Revenue,Recurring Revenue,4418
6070,2024-10-31,Ndevor Systems Ltd : Phorest Ireland,Ireland : Ireland(Rep.),EUR,40040 Sales : SMS,October SMS Plan Usage,81.24,,Revenue,Revenue,Recurring Revenue,4403
6070,2024-10-31,Ndevor Systems Ltd : Phorest Ireland,Ireland : Ireland(Rep.),EUR,40041 Sales : SMS : SMS Plan Usage in Month,October SMS Plan Usage,,81.24,Revenue,Revenue,Recurring Revenue,4403
6071,2024-10-31,Ndevor Systems Ltd : Phorest Ireland,Ireland : Ireland(Rep.),EUR,40040 Sales : SMS,October SMS Plan Usage,62.01,,Revenue,Revenue,Recurring Revenue,4402
6071,2024-10-31,Ndevor Systems Ltd : Phorest Ireland,Ireland : Ireland(Rep.),EUR,40041 Sales : SMS : SMS Plan Usage in Month,October SMS Plan Usage,,62.01,Revenue,Revenue,Recurring Revenue,4402
6072,2024-10-31,Ndevor Systems Ltd : Phorest Ireland,Ireland : Ireland(Rep.),EUR,40040 Sales : SMS,October SMS Plan Usage,50.69,,Revenue,Revenue,Recurring Revenue,4357
6072,2024-10-31,Ndevor Systems Ltd : Phorest Ireland,Ireland : Ireland(Rep.),EUR,40041 Sales : SMS : SMS Plan Usage in Month,October SMS Plan Usage,,50.69,Revenue,Revenue,Recurring Revenue,4357
6073,2024-10-31,Ndevor Systems Ltd : Phorest Ireland,Ireland : Ireland(Rep.),EUR,40040 Sales : SMS,October SMS Plan Usage,68.28,,Revenue,Revenue,Recurring Revenue,4318
6073,2024-10-31,Ndevor Systems Ltd : Phorest Ireland,Ireland : Ireland(Rep.),EUR,40041 Sales : SMS : SMS Plan Usage in Month,October SMS Plan Usage,,68.28,Revenue,Revenue,Recurring Revenue,4318
6074,2024-10-31,Ndevor Systems Ltd : Phorest Ireland,Ireland : Ireland(Rep.),EUR,40040 Sales : SMS,October SMS Plan Usage,29.1,,Revenue,Revenue,Recurring Revenue,4306
6074,2024-10-31,Ndevor Systems Ltd : Phorest Ireland,Ireland : Ireland(Rep.),EUR,40041 Sales : SMS : SMS Plan Usage in Month,October SMS Plan Usage,,29.1,Revenue,Revenue,Recurring Revenue,4306
6075,2024-10-31,Ndevor Systems Ltd : Phorest Ireland : Phorest UK,UK : United Kingdom(Mainland),GBP,40040 Sales : SMS,October SMS Plan Usage,26.95,,Revenue,Revenue,Recurring Revenue,4284
6075,2024-10-31,Ndevor Systems Ltd : Phorest Ireland : Phorest UK,UK : United Kingdom(Mainland),GBP,40041 Sales : SMS : SMS Plan Usage in Month,October SMS Plan Usage,,26.95,Revenue,Revenue,Recurring Revenue,4284
6076,2024-10-31,Ndevor Systems Ltd : Phorest Ireland,Ireland : Ireland(Rep.),EUR,40040 Sales : SMS,October SMS Plan Usage,5.81,,Revenue,Revenue,Recurring Revenue,4273
6076,2024-10-31,Ndevor Systems Ltd : Phorest Ireland,Ireland : Ireland(Rep.),EUR,40041 Sales : SMS : SMS Plan Usage in Month,October SMS Plan Usage,,5.81,Revenue,Revenue,Recurring Revenue,4273
6077,2024-10-31,Ndevor Systems Ltd : Phorest Ireland,Ireland : Ireland(Rep.),EUR,40040 Sales : SMS,October SMS Plan Usage,29.89,,Revenue,Revenue,Recurring Revenue,4244
6077,2024-10-31,Ndevor Systems Ltd : Phorest Ireland,Ireland : Ireland(Rep.),EUR,40041 Sales : SMS : SMS Plan Usage in Month,October SMS Plan Usage,,29.89,Revenue,Revenue,Recurring Revenue,4244
6078,2024-10-31,Ndevor Systems Ltd : Phorest Ireland,Ireland : Ireland(Rep.),EUR,40040 Sales : SMS,October SMS Plan Usage,24.15,,Revenue,Revenue,Recurring Revenue,4214
6078,2024-10-31,Ndevor Systems Ltd : Phorest Ireland,Ireland : Ireland(Rep.),EUR,40041 Sales : SMS : SMS Plan Usage in Month,October SMS Plan Usage,,24.15,Revenue,Revenue,Recurring Revenue,4214
6079,2024-10-31,Ndevor Systems Ltd : Phorest Ireland,Ireland : Ireland(Rep.),EUR,40040 Sales : SMS,October SMS Plan Usage,12.2,,Revenue,Revenue,Recurring Revenue,4179
6079,2024-10-31,Ndevor Systems Ltd : Phorest Ireland,Ireland : Ireland(Rep.),EUR,40041 Sales : SMS : SMS Plan Usage in Month,October SMS Plan Usage,,12.2,Revenue,Revenue,Recurring Revenue,4179
6080,2024-10-31,Ndevor Systems Ltd : Phorest Ireland : Phorest UK,UK : United Kingdom(NI),GBP,40040 Sales : SMS,October SMS Plan Usage,16.83,,Revenue,Revenue,Recurring Revenue,4149
6080,2024-10-31,Ndevor Systems Ltd : Phorest Ireland : Phorest UK,UK : United Kingdom(NI),GBP,40041 Sales : SMS : SMS Plan Usage in Month,October SMS Plan Usage,,16.83,Revenue,Revenue,Recurring Revenue,4149
6081,2024-10-31,Ndevor Systems Ltd : Phorest Ireland,Ireland : Ireland(Rep.),EUR,40040 Sales : SMS,October SMS Plan Usage,148.26,,Revenue,Revenue,Recurring Revenue,4135
6081,2024-10-31,Ndevor Systems Ltd : Phorest Ireland,Ireland : Ireland(Rep.),EUR,40041 Sales : SMS : SMS Plan Usage in Month,October SMS Plan Usage,,148.26,Revenue,Revenue,Recurring Revenue,4135
6082,2024-10-31,Ndevor Systems Ltd : Phorest Ireland,Ireland : Ireland(Rep.),EUR,40040 Sales : SMS,October SMS Plan Usage,41.09,,Revenue,Revenue,Recurring Revenue,4079
6082,2024-10-31,Ndevor Systems Ltd : Phorest Ireland,Ireland : Ireland(Rep.),EUR,40041 Sales : SMS : SMS Plan Usage in Month,October SMS Plan Usage,,41.09,Revenue,Revenue,Recurring Revenue,4079
6083,2024-10-31,Ndevor Systems Ltd : Phorest Ireland,Ireland : Ireland(Rep.),EUR,40040 Sales : SMS,October SMS Plan Usage,18.24,,Revenue,Revenue,Recurring Revenue,4076
6083,2024-10-31,Ndevor Systems Ltd : Phorest Ireland,Ireland : Ireland(Rep.),EUR,40041 Sales : SMS : SMS Plan Usage in Month,October SMS Plan Usage,,18.24,Revenue,Revenue,Recurring Revenue,4076
6084,2024-10-31,Ndevor Systems Ltd : Phorest Ireland,Ireland : Ireland(Rep.),EUR,40040 Sales : SMS,October SMS Plan Usage,116.44,,Revenue,Revenue,Recurring Revenue,4030
6084,2024-10-31,Ndevor Systems Ltd : Phorest Ireland,Ireland : Ireland(Rep.),EUR,40041 Sales : SMS : SMS Plan Usage in Month,October SMS Plan Usage,,116.44,Revenue,Revenue,Recurring Revenue,4030
6085,2024-10-31,Ndevor Systems Ltd : Phorest Ireland : Phorest UK,UK : United Kingdom(NI),GBP,40040 Sales : SMS,October SMS Plan Usage,75.18,,Revenue,Revenue,Recurring Revenue,4025
6085,2024-10-31,Ndevor Systems Ltd : Phorest Ireland : Phorest UK,UK : United Kingdom(NI),GBP,40041 Sales : SMS : SMS Plan Usage in Month,October SMS Plan Usage,,75.18,Revenue,Revenue,Recurring Revenue,4025
6086,2024-10-31,Ndevor Systems Ltd : Phorest Ireland,Ireland : Ireland(Rep.),EUR,40040 Sales : SMS,October SMS Plan Usage,96.36,,Revenue,Revenue,Recurring Revenue,3990
6086,2024-10-31,Ndevor Systems Ltd : Phorest Ireland,Ireland : Ireland(Rep.),EUR,40041 Sales : SMS : SMS Plan Usage in Month,October SMS Plan Usage,,96.36,Revenue,Revenue,Recurring Revenue,3990
6087,2024-10-31,Ndevor Systems Ltd : Phorest Ireland,Ireland : Ireland(Rep.),EUR,40040 Sales : SMS,October SMS Plan Usage,189.7,,Revenue,Revenue,Recurring Revenue,3957
6087,2024-10-31,Ndevor Systems Ltd : Phorest Ireland,Ireland : Ireland(Rep.),EUR,40041 Sales : SMS : SMS Plan Usage in Month,October SMS Plan Usage,,189.7,Revenue,Revenue,Recurring Revenue,3957
6088,2024-10-31,Ndevor Systems Ltd : Phorest Ireland,Ireland : Ireland(Rep.),EUR,40040 Sales : SMS,October SMS Plan Usage,31.43,,Revenue,Revenue,Recurring Revenue,3875
6088,2024-10-31,Ndevor Systems Ltd : Phorest Ireland,Ireland : Ireland(Rep.),EUR,40041 Sales : SMS : SMS Plan Usage in Month,October SMS Plan Usage,,31.43,Revenue,Revenue,Recurring Revenue,3875
6089,2024-10-31,Ndevor Systems Ltd : Phorest Ireland,Ireland : Ireland(Rep.),EUR,40040 Sales : SMS,October SMS Plan Usage,20.2,,Revenue,Revenue,Recurring Revenue,3793
6089,2024-10-31,Ndevor Systems Ltd : Phorest Ireland,Ireland : Ireland(Rep.),EUR,40041 Sales : SMS : SMS Plan Usage in Month,October SMS Plan Usage,,20.2,Revenue,Revenue,Recurring Revenue,3793
6090,2024-10-31,Ndevor Systems Ltd : Phorest Ireland : Phorest UK,UK : United Kingdom(NI),GBP,40040 Sales : SMS,October SMS Plan Usage,11.68,,Revenue,Revenue,Recurring Revenue,3784
6090,2024-10-31,Ndevor Systems Ltd : Phorest Ireland : Phorest UK,UK : United Kingdom(NI),GBP,40041 Sales : SMS : SMS Plan Usage in Month,October SMS Plan Usage,,11.68,Revenue,Revenue,Recurring Revenue,3784
6091,2024-10-31,Ndevor Systems Ltd : Phorest Ireland : Phorest UK,UK : United Kingdom(NI),GBP,40040 Sales : SMS,October SMS Plan Usage,44.94,,Revenue,Revenue,Recurring Revenue,3730
6091,2024-10-31,Ndevor Systems Ltd : Phorest Ireland : Phorest UK,UK : United Kingdom(NI),GBP,40041 Sales : SMS : SMS Plan Usage in Month,October SMS Plan Usage,,44.94,Revenue,Revenue,Recurring Revenue,3730
6092,2024-10-31,Ndevor Systems Ltd : Phorest Ireland : Phorest UK,UK : United Kingdom(NI),GBP,40040 Sales : SMS,October SMS Plan Usage,44.6,,Revenue,Revenue,Recurring Revenue,3720
6092,2024-10-31,Ndevor Systems Ltd : Phorest Ireland : Phorest UK,UK : United Kingdom(NI),GBP,40041 Sales : SMS : SMS Plan Usage in Month,October SMS Plan Usage,,44.6,Revenue,Revenue,Recurring Revenue,3720
6093,2024-10-31,Ndevor Systems Ltd : Phorest Ireland,Ireland : Ireland(Rep.),EUR,40040 Sales : SMS,October SMS Plan Usage,414.7,,Revenue,Revenue,Recurring Revenue,3625
6093,2024-10-31,Ndevor Systems Ltd : Phorest Ireland,Ireland : Ireland(Rep.),EUR,40041 Sales : SMS : SMS Plan Usage in Month,October SMS Plan Usage,,414.7,Revenue,Revenue,Recurring Revenue,3625
6094,2024-10-31,Ndevor Systems Ltd : Phorest Ireland,Ireland : Ireland(Rep.),EUR,40040 Sales : SMS,October SMS Plan Usage,91.54,,Revenue,Revenue,Recurring Revenue,3624
6094,2024-10-31,Ndevor Systems Ltd : Phorest Ireland,Ireland : Ireland(Rep.),EUR,40041 Sales : SMS : SMS Plan Usage in Month,October SMS Plan Usage,,91.54,Revenue,Revenue,Recurring Revenue,3624
6095,2024-10-31,Ndevor Systems Ltd : Phorest Ireland,Ireland : Ireland(Rep.),EUR,40040 Sales : SMS,October SMS Plan Usage,45.0,,Revenue,Revenue,Recurring Revenue,3606
6095,2024-10-31,Ndevor Systems Ltd : Phorest Ireland,Ireland : Ireland(Rep.),EUR,40041 Sales : SMS : SMS Plan Usage in Month,October SMS Plan Usage,,45.0,Revenue,Revenue,Recurring Revenue,3606
6096,2024-10-31,Ndevor Systems Ltd : Phorest Ireland,Ireland : Ireland(Rep.),EUR,40040 Sales : SMS,October SMS Plan Usage,36.0,,Revenue,Revenue,Recurring Revenue,3604
6096,2024-10-31,Ndevor Systems Ltd : Phorest Ireland,Ireland : Ireland(Rep.),EUR,40041 Sales : SMS : SMS Plan Usage in Month,October SMS Plan Usage,,36.0,Revenue,Revenue,Recurring Revenue,3604
6097,2024-10-31,Ndevor Systems Ltd : Phorest Ireland,Ireland : Ireland(Rep.),EUR,40040 Sales : SMS,October SMS Plan Usage,19.16,,Revenue,Revenue,Recurring Revenue,3602
6097,2024-10-31,Ndevor Systems Ltd : Phorest Ireland,Ireland : Ireland(Rep.),EUR,40041 Sales : SMS : SMS Plan Usage in Month,October SMS Plan Usage,,19.16,Revenue,Revenue,Recurring Revenue,3602
6098,2024-10-31,Ndevor Systems Ltd : Phorest Ireland,Ireland : Ireland(Rep.),EUR,40040 Sales : SMS,October SMS Plan Usage,39.85,,Revenue,Revenue,Recurring Revenue,3594
6098,2024-10-31,Ndevor Systems Ltd : Phorest Ireland,Ireland : Ireland(Rep.),EUR,40041 Sales : SMS : SMS Plan Usage in Month,October SMS Plan Usage,,39.85,Revenue,Revenue,Recurring Revenue,3594
6099,2024-10-31,Ndevor Systems Ltd : Phorest Ireland,Ireland : Ireland(Rep.),EUR,40040 Sales : SMS,October SMS Plan Usage,342.68,,Revenue,Revenue,Recurring Revenue,3593
6099,2024-10-31,Ndevor Systems Ltd : Phorest Ireland,Ireland : Ireland(Rep.),EUR,40041 Sales : SMS : SMS Plan Usage in Month,October SMS Plan Usage,,342.68,Revenue,Revenue,Recurring Revenue,3593
6100,2024-10-31,Ndevor Systems Ltd : Phorest Ireland,Ireland : Ireland(Rep.),EUR,40040 Sales : SMS,October SMS Plan Usage,245.7,,Revenue,Revenue,Recurring Revenue,3581
6100,2024-10-31,Ndevor Systems Ltd : Phorest Ireland,Ireland : Ireland(Rep.),EUR,40041 Sales : SMS : SMS Plan Usage in Month,October SMS Plan Usage,,245.7,Revenue,Revenue,Recurring Revenue,3581
6101,2024-10-31,Ndevor Systems Ltd : Phorest Ireland,Ireland : Ireland(Rep.),EUR,40040 Sales : SMS,October SMS Plan Usage,153.06,,Revenue,Revenue,Recurring Revenue,3580
6101,2024-10-31,Ndevor Systems Ltd : Phorest Ireland,Ireland : Ireland(Rep.),EUR,40041 Sales : SMS : SMS Plan Usage in Month,October SMS Plan Usage,,153.06,Revenue,Revenue,Recurring Revenue,3580
6102,2024-10-31,Ndevor Systems Ltd : Phorest Ireland,Ireland : Ireland(Rep.),EUR,40040 Sales : SMS,October SMS Plan Usage,323.4,,Revenue,Revenue,Recurring Revenue,3574
6102,2024-10-31,Ndevor Systems Ltd : Phorest Ireland,Ireland : Ireland(Rep.),EUR,40041 Sales : SMS : SMS Plan Usage in Month,October SMS Plan Usage,,323.4,Revenue,Revenue,Recurring Revenue,3574
6103,2024-10-31,Ndevor Systems Ltd : Phorest Ireland,Ireland : Ireland(Rep.),EUR,40040 Sales : SMS,October SMS Plan Usage,32.13,,Revenue,Revenue,Recurring Revenue,3552
6103,2024-10-31,Ndevor Systems Ltd : Phorest Ireland,Ireland : Ireland(Rep.),EUR,40041 Sales : SMS : SMS Plan Usage in Month,October SMS Plan Usage,,32.13,Revenue,Revenue,Recurring Revenue,3552
6104,2024-10-31,Ndevor Systems Ltd : Phorest Ireland,Ireland : Ireland(Rep.),EUR,40040 Sales : SMS,October SMS Plan Usage,19.17,,Revenue,Revenue,Recurring Revenue,3543
6104,2024-10-31,Ndevor Systems Ltd : Phorest Ireland,Ireland : Ireland(Rep.),EUR,40041 Sales : SMS : SMS Plan Usage in Month,October SMS Plan Usage,,19.17,Revenue,Revenue,Recurring Revenue,3543
6105,2024-10-31,Ndevor Systems Ltd : Phorest Ireland,Ireland : Ireland(Rep.),EUR,40040 Sales : SMS,October SMS Plan Usage,48.65,,Revenue,Revenue,Recurring Revenue,3536
6105,2024-10-31,Ndevor Systems Ltd : Phorest Ireland,Ireland : Ireland(Rep.),EUR,40041 Sales : SMS : SMS Plan Usage in Month,October SMS Plan Usage,,48.65,Revenue,Revenue,Recurring Revenue,3536
6106,2024-10-31,Ndevor Systems Ltd : Phorest Ireland,Ireland : Ireland(Rep.),EUR,40040 Sales : SMS,October SMS Plan Usage,162.68,,Revenue,Revenue,Recurring Revenue,3531
6106,2024-10-31,Ndevor Systems Ltd : Phorest Ireland,Ireland : Ireland(Rep.),EUR,40041 Sales : SMS : SMS Plan Usage in Month,October SMS Plan Usage,,162.68,Revenue,Revenue,Recurring Revenue,3531
6107,2024-10-31,Ndevor Systems Ltd : Phorest Ireland,Ireland : Ireland(Rep.),EUR,40040 Sales : SMS,October SMS Plan Usage,62.51,,Revenue,Revenue,Recurring Revenue,3527
6107,2024-10-31,Ndevor Systems Ltd : Phorest Ireland,Ireland : Ireland(Rep.),EUR,40041 Sales : SMS : SMS Plan Usage in Month,October SMS Plan Usage,,62.51,Revenue,Revenue,Recurring Revenue,3527
6108,2024-10-31,Ndevor Systems Ltd : Phorest Ireland : Phorest UK,UK : United Kingdom(NI),GBP,40040 Sales : SMS,October SMS Plan Usage,20.44,,Revenue,Revenue,Recurring Revenue,3517
6108,2024-10-31,Ndevor Systems Ltd : Phorest Ireland : Phorest UK,UK : United Kingdom(NI),GBP,40041 Sales : SMS : SMS Plan Usage in Month,October SMS Plan Usage,,20.44,Revenue,Revenue,Recurring Revenue,3517
6109,2024-10-31,Ndevor Systems Ltd : Phorest Ireland : Phorest UK,UK : United Kingdom(NI),GBP,40040 Sales : SMS,October SMS Plan Usage,63.0,,Revenue,Revenue,Recurring Revenue,3516
6109,2024-10-31,Ndevor Systems Ltd : Phorest Ireland : Phorest UK,UK : United Kingdom(NI),GBP,40041 Sales : SMS : SMS Plan Usage in Month,October SMS Plan Usage,,63.0,Revenue,Revenue,Recurring Revenue,3516
6110,2024-10-31,Ndevor Systems Ltd : Phorest Ireland,Ireland : Ireland(Rep.),EUR,40040 Sales : SMS,October SMS Plan Usage,3.11,,Revenue,Revenue,Recurring Revenue,3440
6110,2024-10-31,Ndevor Systems Ltd : Phorest Ireland,Ireland : Ireland(Rep.),EUR,40041 Sales : SMS : SMS Plan Usage in Month,October SMS Plan Usage,,3.11,Revenue,Revenue,Recurring Revenue,3440
6111,2024-10-31,Ndevor Systems Ltd : Phorest Ireland,Ireland : Ireland(Rep.),EUR,40040 Sales : SMS,October SMS Plan Usage,45.23,,Revenue,Revenue,Recurring Revenue,3416
6111,2024-10-31,Ndevor Systems Ltd : Phorest Ireland,Ireland : Ireland(Rep.),EUR,40041 Sales : SMS : SMS Plan Usage in Month,October SMS Plan Usage,,45.23,Revenue,Revenue,Recurring Revenue,3416
6112,2024-10-31,Ndevor Systems Ltd : Phorest Ireland,Ireland : Ireland(Rep.),EUR,40040 Sales : SMS,October SMS Plan Usage,243.58,,Revenue,Revenue,Recurring Revenue,3406
6112,2024-10-31,Ndevor Systems Ltd : Phorest Ireland,Ireland : Ireland(Rep.),EUR,40041 Sales : SMS : SMS Plan Usage in Month,October SMS Plan Usage,,243.58,Revenue,Revenue,Recurring Revenue,3406
6113,2024-10-31,Ndevor Systems Ltd : Phorest Ireland,Ireland : Ireland(Rep.),EUR,40040 Sales : SMS,October SMS Plan Usage,40.6,,Revenue,Revenue,Recurring Revenue,3399
6113,2024-10-31,Ndevor Systems Ltd : Phorest Ireland,Ireland : Ireland(Rep.),EUR,40041 Sales : SMS : SMS Plan Usage in Month,October SMS Plan Usage,,40.6,Revenue,Revenue,Recurring Revenue,3399
6114,2024-10-31,Ndevor Systems Ltd : Phorest Ireland,Ireland : Ireland(Rep.),EUR,40040 Sales : SMS,October SMS Plan Usage,15.61,,Revenue,Revenue,Recurring Revenue,3388
6114,2024-10-31,Ndevor Systems Ltd : Phorest Ireland,Ireland : Ireland(Rep.),EUR,40041 Sales : SMS : SMS Plan Usage in Month,October SMS Plan Usage,,15.61,Revenue,Revenue,Recurring Revenue,3388
6115,2024-10-31,Ndevor Systems Ltd : Phorest Ireland,Ireland : Ireland(Rep.),EUR,40040 Sales : SMS,October SMS Plan Usage,20.79,,Revenue,Revenue,Recurring Revenue,3383
6115,2024-10-31,Ndevor Systems Ltd : Phorest Ireland,Ireland : Ireland(Rep.),EUR,40041 Sales : SMS : SMS Plan Usage in Month,October SMS Plan Usage,,20.79,Revenue,Revenue,Recurring Revenue,3383
6116,2024-10-31,Ndevor Systems Ltd : Phorest Ireland,Ireland : Ireland(Rep.),EUR,40040 Sales : SMS,October SMS Plan Usage,27.55,,Revenue,Revenue,Recurring Revenue,3337
6116,2024-10-31,Ndevor Systems Ltd : Phorest Ireland,Ireland : Ireland(Rep.),EUR,40041 Sales : SMS : SMS Plan Usage in Month,October SMS Plan Usage,,27.55,Revenue,Revenue,Recurring Revenue,3337
6117,2024-10-31,Ndevor Systems Ltd : Phorest Ireland,Ireland : Ireland(Rep.),EUR,40040 Sales : SMS,October SMS Plan Usage,3.04,,Revenue,Revenue,Recurring Revenue,3291
6117,2024-10-31,Ndevor Systems Ltd : Phorest Ireland,Ireland : Ireland(Rep.),EUR,40041 Sales : SMS : SMS Plan Usage in Month,October SMS Plan Usage,,3.04,Revenue,Revenue,Recurring Revenue,3291
6118,2024-10-31,Ndevor Systems Ltd : Phorest Ireland,Ireland : Ireland(Rep.),EUR,40040 Sales : SMS,October SMS Plan Usage,32.42,,Revenue,Revenue,Recurring Revenue,3234
6118,2024-10-31,Ndevor Systems Ltd : Phorest Ireland,Ireland : Ireland(Rep.),EUR,40041 Sales : SMS : SMS Plan Usage in Month,October SMS Plan Usage,,32.42,Revenue,Revenue,Recurring Revenue,3234
6119,2024-10-31,Ndevor Systems Ltd : Phorest Ireland,Ireland : Ireland(Rep.),EUR,40040 Sales : SMS,October SMS Plan Usage,46.5,,Revenue,Revenue,Recurring Revenue,3156
6119,2024-10-31,Ndevor Systems Ltd : Phorest Ireland,Ireland : Ireland(Rep.),EUR,40041 Sales : SMS : SMS Plan Usage in Month,October SMS Plan Usage,,46.5,Revenue,Revenue,Recurring Revenue,3156
6120,2024-10-31,Ndevor Systems Ltd : Phorest Ireland,Ireland : Ireland(Rep.),EUR,40040 Sales : SMS,October SMS Plan Usage,37.86,,Revenue,Revenue,Recurring Revenue,3057
6120,2024-10-31,Ndevor Systems Ltd : Phorest Ireland,Ireland : Ireland(Rep.),EUR,40041 Sales : SMS : SMS Plan Usage in Month,October SMS Plan Usage,,37.86,Revenue,Revenue,Recurring Revenue,3057
6121,2024-10-31,Ndevor Systems Ltd : Phorest Ireland,Ireland : Ireland(Rep.),EUR,40040 Sales : SMS,October SMS Plan Usage,89.39,,Revenue,Revenue,Recurring Revenue,3032
6121,2024-10-31,Ndevor Systems Ltd : Phorest Ireland,Ireland : Ireland(Rep.),EUR,40041 Sales : SMS : SMS Plan Usage in Month,October SMS Plan Usage,,89.39,Revenue,Revenue,Recurring Revenue,3032
6122,2024-10-31,Ndevor Systems Ltd : Phorest Ireland,Ireland : Ireland(Rep.),EUR,40040 Sales : SMS,October SMS Plan Usage,71.4,,Revenue,Revenue,Recurring Revenue,3005
6122,2024-10-31,Ndevor Systems Ltd : Phorest Ireland,Ireland : Ireland(Rep.),EUR,40041 Sales : SMS : SMS Plan Usage in Month,October SMS Plan Usage,,71.4,Revenue,Revenue,Recurring Revenue,3005
6123,2024-10-31,Ndevor Systems Ltd : Phorest Ireland,Ireland : Ireland(Rep.),EUR,40040 Sales : SMS,October SMS Plan Usage,7.81,,Revenue,Revenue,Recurring Revenue,2761
6123,2024-10-31,Ndevor Systems Ltd : Phorest Ireland,Ireland : Ireland(Rep.),EUR,40041 Sales : SMS : SMS Plan Usage in Month,October SMS Plan Usage,,7.81,Revenue,Revenue,Recurring Revenue,2761
6124,2024-10-31,Ndevor Systems Ltd : Phorest Ireland : Phorest UK,UK : United Kingdom(NI),GBP,40040 Sales : SMS,October SMS Plan Usage,28.27,,Revenue,Revenue,Recurring Revenue,2726
6124,2024-10-31,Ndevor Systems Ltd : Phorest Ireland : Phorest UK,UK : United Kingdom(NI),GBP,40041 Sales : SMS : SMS Plan Usage in Month,October SMS Plan Usage,,28.27,Revenue,Revenue,Recurring Revenue,2726
6125,2024-10-31,Ndevor Systems Ltd : Phorest Ireland,Ireland : Ireland(Rep.),EUR,40040 Sales : SMS,October SMS Plan Usage,69.44,,Revenue,Revenue,Recurring Revenue,2640
6125,2024-10-31,Ndevor Systems Ltd : Phorest Ireland,Ireland : Ireland(Rep.),EUR,40041 Sales : SMS : SMS Plan Usage in Month,October SMS Plan Usage,,69.44,Revenue,Revenue,Recurring Revenue,2640
6126,2024-10-31,Ndevor Systems Ltd : Phorest Ireland : Phorest UK,UK : United Kingdom(NI),GBP,40040 Sales : SMS,October SMS Plan Usage,20.09,,Revenue,Revenue,Recurring Revenue,2533
6126,2024-10-31,Ndevor Systems Ltd : Phorest Ireland : Phorest UK,UK : United Kingdom(NI),GBP,40041 Sales : SMS : SMS Plan Usage in Month,October SMS Plan Usage,,20.09,Revenue,Revenue,Recurring Revenue,2533
6127,2024-10-31,Ndevor Systems Ltd : Phorest Ireland : Phorest UK,UK : United Kingdom(NI),GBP,40040 Sales : SMS,October SMS Plan Usage,9.1,,Revenue,Revenue,Recurring Revenue,2525
6127,2024-10-31,Ndevor Systems Ltd : Phorest Ireland : Phorest UK,UK : United Kingdom(NI),GBP,40041 Sales : SMS : SMS Plan Usage in Month,October SMS Plan Usage,,9.1,Revenue,Revenue,Recurring Revenue,2525
6128,2024-10-31,Ndevor Systems Ltd : Phorest Ireland,Ireland : Ireland(Rep.),EUR,40040 Sales : SMS,October SMS Plan Usage,174.24,,Revenue,Revenue,Recurring Revenue,2465
6128,2024-10-31,Ndevor Systems Ltd : Phorest Ireland,Ireland : Ireland(Rep.),EUR,40041 Sales : SMS : SMS Plan Usage in Month,October SMS Plan Usage,,174.24,Revenue,Revenue,Recurring Revenue,2465
6129,2024-10-31,Ndevor Systems Ltd : Phorest Ireland,Ireland : Ireland(Rep.),EUR,40040 Sales : SMS,October SMS Plan Usage,26.95,,Revenue,Revenue,Recurring Revenue,2431
6129,2024-10-31,Ndevor Systems Ltd : Phorest Ireland,Ireland : Ireland(Rep.),EUR,40041 Sales : SMS : SMS Plan Usage in Month,October SMS Plan Usage,,26.95,Revenue,Revenue,Recurring Revenue,2431
6130,2024-10-31,Ndevor Systems Ltd : Phorest Ireland,Ireland : Ireland(Rep.),EUR,40040 Sales : SMS,October SMS Plan Usage,21.35,,Revenue,Revenue,Recurring Revenue,2209
6130,2024-10-31,Ndevor Systems Ltd : Phorest Ireland,Ireland : Ireland(Rep.),EUR,40041 Sales : SMS : SMS Plan Usage in Month,October SMS Plan Usage,,21.35,Revenue,Revenue,Recurring Revenue,2209
6131,2024-10-31,Ndevor Systems Ltd : Phorest Ireland,Ireland : Ireland(Rep.),EUR,40040 Sales : SMS,October SMS Plan Usage,14.46,,Revenue,Revenue,Recurring Revenue,2058
6131,2024-10-31,Ndevor Systems Ltd : Phorest Ireland,Ireland : Ireland(Rep.),EUR,40041 Sales : SMS : SMS Plan Usage in Month,October SMS Plan Usage,,14.46,Revenue,Revenue,Recurring Revenue,2058
6132,2024-10-31,Ndevor Systems Ltd : Phorest Ireland,Ireland : Ireland(Rep.),EUR,40040 Sales : SMS,October SMS Plan Usage,69.79,,Revenue,Revenue,Recurring Revenue,1974
6132,2024-10-31,Ndevor Systems Ltd : Phorest Ireland,Ireland : Ireland(Rep.),EUR,40041 Sales : SMS : SMS Plan Usage in Month,October SMS Plan Usage,,69.79,Revenue,Revenue,Recurring Revenue,1974
6133,2024-10-31,Ndevor Systems Ltd : Phorest Ireland,Ireland : Ireland(Rep.),EUR,40040 Sales : SMS,October SMS Plan Usage,30.49,,Revenue,Revenue,Recurring Revenue,1926
6133,2024-10-31,Ndevor Systems Ltd : Phorest Ireland,Ireland : Ireland(Rep.),EUR,40041 Sales : SMS : SMS Plan Usage in Month,October SMS Plan Usage,,30.49,Revenue,Revenue,Recurring Revenue,1926
6134,2024-10-31,Ndevor Systems Ltd : Phorest Ireland,Ireland : Ireland(Rep.),EUR,40040 Sales : SMS,October SMS Plan Usage,70.07,,Revenue,Revenue,Recurring Revenue,1915
6134,2024-10-31,Ndevor Systems Ltd : Phorest Ireland,Ireland : Ireland(Rep.),EUR,40041 Sales : SMS : SMS Plan Usage in Month,October SMS Plan Usage,,70.07,Revenue,Revenue,Recurring Revenue,1915
