Entry No.,Date,Subsidiary,Location,Currency,Account,Memo,Debit,Credit,Department,Cost Centre,Mgmt P&L,Name
6001,2024-10-31,Ndevor Systems Ltd : Phorest Ireland : Phorest UK,UK : United Kingdom(Mainland),GBP,40040 Sales : SMS,October SMS DDI,,69.13,Revenue,Revenue,Recurring Revenue,8200
6001,2024-10-31,Ndevor Systems Ltd : Phorest Ireland : Phorest UK,UK : United Kingdom(Mainland),GBP,16050 Other Current Assets : Accrued SMS,October SMS DDI,69.13,,Balance Sheet,Balance Sheet,Balance Sheet,8200
6002,2024-10-31,Ndevor Systems Ltd : Phorest Ireland : Phorest UK,UK : United Kingdom(Mainland),GBP,40040 Sales : SMS,October SMS DDI,,22.68,Revenue,Revenue,Recurring Revenue,8198
6002,2024-10-31,Ndevor Systems Ltd : Phorest Ireland : Phorest UK,UK : United Kingdom(Mainland),GBP,16050 Other Current Assets : Accrued SMS,October SMS DDI,22.68,,Balance Sheet,Balance Sheet,Balance Sheet,8198
6003,2024-10-31,Ndevor Systems Ltd : Phorest Ireland : Phorest UK,UK : United Kingdom(NI),GBP,40040 Sales : SMS,October SMS DDI,,0.33,Revenue,Revenue,Recurring Revenue,8195
6003,2024-10-31,Ndevor Systems Ltd : Phorest Ireland : Phorest UK,UK : United Kingdom(NI),GBP,16050 Other Current Assets : Accrued SMS,October SMS DDI,0.33,,Balance Sheet,Balance Sheet,Balance Sheet,8195
6004,2024-10-31,Ndevor Systems Ltd : Phorest Ireland : Phorest UK,UK : United Kingdom(Mainland),GBP,40040 Sales : SMS,October SMS DDI,,10.42,Revenue,Revenue,Recurring Revenue,8183
6004,2024-10-31,Ndevor Systems Ltd : Phorest Ireland : Phorest UK,UK : United Kingdom(Mainland),GBP,16050 Other Current Assets : Accrued SMS,October SMS DDI,10.42,,Balance Sheet,Balance Sheet,Balance Sheet,8183
6005,2024-10-31,Ndevor Systems Ltd : Phorest Ireland : Phorest UK,UK : United Kingdom(Mainland),GBP,40040 Sales : SMS,October SMS DDI,,33.0,Revenue,Revenue,Recurring Revenue,8170
6005,2024-10-31,Ndevor Systems Ltd : Phorest Ireland : Phorest UK,UK : United Kingdom(Mainland),GBP,16050 Other Current Assets : Accrued SMS,October SMS DDI,33.0,,Balance Sheet,Balance Sheet,Balance Sheet,8170
6006,2024-10-31,Ndevor Systems Ltd : Phorest Ireland : Phorest UK,UK : United Kingdom(Mainland),GBP,40040 Sales : SMS,October SMS DDI,,38.43,Revenue,Revenue,Recurring Revenue,8169
6006,2024-10-31,Ndevor Systems Ltd : Phorest Ireland : Phorest UK,UK : United Kingdom(Mainland),GBP,16050 Other Current Assets : Accrued SMS,October SMS DDI,38.43,,Balance Sheet,Balance Sheet,Balance Sheet,8169
6007,2024-10-31,Ndevor Systems Ltd : Phorest Ireland : Phorest UK,UK : United Kingdom(Mainland),GBP,40040 Sales : SMS,October SMS DDI,,66.99,Revenue,Revenue,Recurring Revenue,8167
6007,2024-10-31,Ndevor Systems Ltd : Phorest Ireland : Phorest UK,UK : United Kingdom(Mainland),GBP,16050 Other Current Assets : Accrued SMS,October SMS DDI,66.99,,Balance Sheet,Balance Sheet,Balance Sheet,8167
6008,2024-10-31,Ndevor Systems Ltd : Phorest Ireland,Ireland : Ireland(Rep.),EUR,40040 Sales : SMS,October SMS DDI,,21.42,Revenue,Revenue,Recurring Revenue,8143
6008,2024-10-31,Ndevor Systems Ltd : Phorest Ireland,Ireland : Ireland(Rep.),EUR,16050 Other Current Assets : Accrued SMS,October SMS DDI,21.42,,Balance Sheet,Balance Sheet,Balance Sheet,8143
6009,2024-10-31,Ndevor Systems Ltd : Phorest Ireland : Phorest UK,UK : United Kingdom(Mainland),GBP,40040 Sales : SMS,October SMS DDI,,48.13,Revenue,Revenue,Recurring Revenue,8142
6009,2024-10-31,Ndevor Systems Ltd : Phorest Ireland : Phorest UK,UK : United Kingdom(Mainland),GBP,16050 Other Current Assets : Accrued SMS,October SMS DDI,48.13,,Balance Sheet,Balance Sheet,Balance Sheet,8142
6010,2024-10-31,Ndevor Systems Ltd : Phorest Ireland : Phorest UK,UK : United Kingdom(Mainland),GBP,40040 Sales : SMS,October SMS DDI,,6.97,Revenue,Revenue,Recurring Revenue,8136
6010,2024-10-31,Ndevor Systems Ltd : Phorest Ireland : Phorest UK,UK : United Kingdom(Mainland),GBP,16050 Other Current Assets : Accrued SMS,October SMS DDI,6.97,,Balance Sheet,Balance Sheet,Balance Sheet,8136
6011,2024-10-31,Ndevor Systems Ltd : Phorest Ireland : Phorest UK,UK : Guernsey,GBP,40040 Sales : SMS,October SMS DDI,,38.39,Revenue,Revenue,Recurring Revenue,8127
6011,2024-10-31,Ndevor Systems Ltd : Phorest Ireland : Phorest UK,UK : Guernsey,GBP,16050 Other Current Assets : Accrued SMS,October SMS DDI,38.39,,Balance Sheet,Balance Sheet,Balance Sheet,8127
6012,2024-10-31,Ndevor Systems Ltd : Phorest Ireland : Phorest UK,UK : United Kingdom(Mainland),GBP,40040 Sales : SMS,October SMS DDI,,11.17,Revenue,Revenue,Recurring Revenue,8118
6012,2024-10-31,Ndevor Systems Ltd : Phorest Ireland : Phorest UK,UK : United Kingdom(Mainland),GBP,16050 Other Current Assets : Accrued SMS,October SMS DDI,11.17,,Balance Sheet,Balance Sheet,Balance Sheet,8118
6013,2024-10-31,Ndevor Systems Ltd : Phorest Ireland : Phorest UK,UK : United Kingdom(Mainland),GBP,40040 Sales : SMS,October SMS DDI,,0.6,Revenue,Revenue,Recurring Revenue,8117
6013,2024-10-31,Ndevor Systems Ltd : Phorest Ireland : Phorest UK,UK : United Kingdom(Mainland),GBP,16050 Other Current Assets : Accrued SMS,October SMS DDI,0.6,,Balance Sheet,Balance Sheet,Balance Sheet,8117
6014,2024-10-31,Ndevor Systems Ltd : Phorest Ireland : Phorest UK,UK : United Kingdom(Mainland),GBP,40040 Sales : SMS,October SMS DDI,,42.02,Revenue,Revenue,Recurring Revenue,8115
6014,2024-10-31,Ndevor Systems Ltd : Phorest Ireland : Phorest UK,UK : United Kingdom(Mainland),GBP,16050 Other Current Assets : Accrued SMS,October SMS DDI,42.02,,Balance Sheet,Balance Sheet,Balance Sheet,8115
6015,2024-10-31,Ndevor Systems Ltd : Phorest Ireland,Ireland : Ireland(Rep.),EUR,40040 Sales : SMS,October SMS DDI,,784.44,Revenue,Revenue,Recurring Revenue,8108
6015,2024-10-31,Ndevor Systems Ltd : Phorest Ireland,Ireland : Ireland(Rep.),EUR,16050 Other Current Assets : Accrued SMS,October SMS DDI,784.44,,Balance Sheet,Balance Sheet,Balance Sheet,8108
6016,2024-10-31,Ndevor Systems Ltd : Phorest Ireland : Phorest UK,UK : United Kingdom(Mainland),GBP,40040 Sales : SMS,October SMS DDI,,39.55,Revenue,Revenue,Recurring Revenue,8102
6016,2024-10-31,Ndevor Systems Ltd : Phorest Ireland : Phorest UK,UK : United Kingdom(Mainland),GBP,16050 Other Current Assets : Accrued SMS,October SMS DDI,39.55,,Balance Sheet,Balance Sheet,Balance Sheet,8102
6017,2024-10-31,Ndevor Systems Ltd : Phorest Ireland : Phorest UK,UK : United Kingdom(Mainland),GBP,40040 Sales : SMS,October SMS DDI,,43.35,Revenue,Revenue,Recurring Revenue,8097
6017,2024-10-31,Ndevor Systems Ltd : Phorest Ireland : Phorest UK,UK : United Kingdom(Mainland),GBP,16050 Other Current Assets : Accrued SMS,October SMS DDI,43.35,,Balance Sheet,Balance Sheet,Balance Sheet,8097
6018,2024-10-31,Ndevor Systems Ltd : Phorest Ireland : Phorest UK,UK : United Kingdom(Mainland),GBP,40040 Sales : SMS,October SMS DDI,,57.75,Revenue,Revenue,Recurring Revenue,8096
6018,2024-10-31,Ndevor Systems Ltd : Phorest Ireland : Phorest UK,UK : United Kingdom(Mainland),GBP,16050 Other Current Assets : Accrued SMS,October SMS DDI,57.75,,Balance Sheet,Balance Sheet,Balance Sheet,8096
6019,2024-10-31,Ndevor Systems Ltd : Phorest Ireland,Ireland : Ireland(Rep.),EUR,40040 Sales : SMS,October SMS DDI,,179.55,Revenue,Revenue,Recurring Revenue,8092
6019,2024-10-31,Ndevor Systems Ltd : Phorest Ireland,Ireland : Ireland(Rep.),EUR,16050 Other Current Assets : Accrued SMS,October SMS DDI,179.55,,Balance Sheet,Balance Sheet,Balance Sheet,8092
6020,2024-10-31,Ndevor Systems Ltd : Phorest Ireland : Phorest UK,UK : United Kingdom(Mainland),GBP,40040 Sales : SMS,October SMS DDI,,27.09,Revenue,Revenue,Recurring Revenue,8087
6020,2024-10-31,Ndevor Systems Ltd : Phorest Ireland : Phorest UK,UK : United Kingdom(Mainland),GBP,16050 Other Current Assets : Accrued SMS,October SMS DDI,27.09,,Balance Sheet,Balance Sheet,Balance Sheet,8087
6021,2024-10-31,Ndevor Systems Ltd : Phorest Ireland : Phorest UK,UK : United Kingdom(Mainland),GBP,40040 Sales : SMS,October SMS DDI,,84.8,Revenue,Revenue,Recurring Revenue,8079
6021,2024-10-31,Ndevor Systems Ltd : Phorest Ireland : Phorest UK,UK : United Kingdom(Mainland),GBP,16050 Other Current Assets : Accrued SMS,October SMS DDI,84.8,,Balance Sheet,Balance Sheet,Balance Sheet,8079
6022,2024-10-31,Ndevor Systems Ltd : Phorest Ireland : Phorest UK,UK : United Kingdom(Mainland),GBP,40040 Sales : SMS,October SMS DDI,,197.43,Revenue,Revenue,Recurring Revenue,8072
6022,2024-10-31,Ndevor Systems Ltd : Phorest Ireland : Phorest UK,UK : United Kingdom(Mainland),GBP,16050 Other Current Assets : Accrued SMS,October SMS DDI,197.43,,Balance Sheet,Balance Sheet,Balance Sheet,8072
6023,2024-10-31,Ndevor Systems Ltd : Phorest Ireland,Ireland : Ireland(Rep.),EUR,40040 Sales : SMS,October SMS DDI,,44.51,Revenue,Revenue,Recurring Revenue,8052
6023,2024-10-31,Ndevor Systems Ltd : Phorest Ireland,Ireland : Ireland(Rep.),EUR,16050 Other Current Assets : Accrued SMS,October SMS DDI,44.51,,Balance Sheet,Balance Sheet,Balance Sheet,8052
6024,2024-10-31,Ndevor Systems Ltd : Phorest Ireland : Phorest UK,UK : United Kingdom(Mainland),GBP,40040 Sales : SMS,October SMS DDI,,40.32,Revenue,Revenue,Recurring Revenue,8049
6024,2024-10-31,Ndevor Systems Ltd : Phorest Ireland : Phorest UK,UK : United Kingdom(Mainland),GBP,16050 Other Current Assets : Accrued SMS,October SMS DDI,40.32,,Balance Sheet,Balance Sheet,Balance Sheet,8049
6025,2024-10-31,Ndevor Systems Ltd : Phorest Ireland,Ireland : Ireland(Rep.),EUR,40040 Sales : SMS,October SMS DDI,,121.52,Revenue,Revenue,Recurring Revenue,8045
6025,2024-10-31,Ndevor Systems Ltd : Phorest Ireland,Ireland : Ireland(Rep.),EUR,16050 Other Current Assets : Accrued SMS,October SMS DDI,121.52,,Balance Sheet,Balance Sheet,Balance Sheet,8045
6026,2024-10-31,Ndevor Systems Ltd : Phorest Ireland : Phorest UK,UK : United Kingdom(NI),GBP,40040 Sales : SMS,October SMS DDI,,24.28,Revenue,Revenue,Recurring Revenue,8044
6026,2024-10-31,Ndevor Systems Ltd : Phorest Ireland : Phorest UK,UK : United Kingdom(NI),GBP,16050 Other Current Assets : Accrued SMS,October SMS DDI,24.28,,Balance Sheet,Balance Sheet,Balance Sheet,8044
6027,2024-10-31,Ndevor Systems Ltd : Phorest Ireland,Ireland : Ireland(Rep.),EUR,40040 Sales : SMS,October SMS DDI,,101.64,Revenue,Revenue,Recurring Revenue,8042
6027,2024-10-31,Ndevor Systems Ltd : Phorest Ireland,Ireland : Ireland(Rep.),EUR,16050 Other Current Assets : Accrued SMS,October SMS DDI,101.64,,Balance Sheet,Balance Sheet,Balance Sheet,8042
6028,2024-10-31,Ndevor Systems Ltd : Phorest Ireland : Phorest UK,UK : United Kingdom(Mainland),GBP,40040 Sales : SMS,October SMS DDI,,16.72,Revenue,Revenue,Recurring Revenue,8041
6028,2024-10-31,Ndevor Systems Ltd : Phorest Ireland : Phorest UK,UK : United Kingdom(Mainland),GBP,16050 Other Current Assets : Accrued SMS,October SMS DDI,16.72,,Balance Sheet,Balance Sheet,Balance Sheet,8041
6029,2024-10-31,Ndevor Systems Ltd : Phorest Ireland : Phorest UK,UK : United Kingdom(Mainland),GBP,40040 Sales : SMS,October SMS DDI,,55.52,Revenue,Revenue,Recurring Revenue,8037
6029,2024-10-31,Ndevor Systems Ltd : Phorest Ireland : Phorest UK,UK : United Kingdom(Mainland),GBP,16050 Other Current Assets : Accrued SMS,October SMS DDI,55.52,,Balance Sheet,Balance Sheet,Balance Sheet,8037
6030,2024-10-31,Ndevor Systems Ltd : Phorest Ireland : Phorest UK,UK : United Kingdom(Mainland),GBP,40040 Sales : SMS,October SMS DDI,,15.37,Revenue,Revenue,Recurring Revenue,8026
6030,2024-10-31,Ndevor Systems Ltd : Phorest Ireland : Phorest UK,UK : United Kingdom(Mainland),GBP,16050 Other Current Assets : Accrued SMS,October SMS DDI,15.37,,Balance Sheet,Balance Sheet,Balance Sheet,8026
6031,2024-10-31,Ndevor Systems Ltd : Phorest Ireland : Phorest UK,UK : United Kingdom(Mainland),GBP,40040 Sales : SMS,October SMS DDI,,15.46,Revenue,Revenue,Recurring Revenue,8016
6031,2024-10-31,Ndevor Systems Ltd : Phorest Ireland : Phorest UK,UK : United Kingdom(Mainland),GBP,16050 Other Current Assets : Accrued SMS,October SMS DDI,15.46,,Balance Sheet,Balance Sheet,Balance Sheet,8016
6032,2024-10-31,Ndevor Systems Ltd : Phorest Ireland : Phorest UK,UK : United Kingdom(Mainland),GBP,40040 Sales : SMS,October SMS DDI,,143.42,Revenue,Revenue,Recurring Revenue,8013
6032,2024-10-31,Ndevor Systems Ltd : Phorest Ireland : Phorest UK,UK : United Kingdom(Mainland),GBP,16050 Other Current Assets : Accrued SMS,October SMS DDI,143.42,,Balance Sheet,Balance Sheet,Balance Sheet,8013
6033,2024-10-31,Ndevor Systems Ltd : Phorest Ireland,Ireland : Ireland(Rep.),EUR,40040 Sales : SMS,October SMS DDI,,9.96,Revenue,Revenue,Recurring Revenue,7999
6033,2024-10-31,Ndevor Systems Ltd : Phorest Ireland,Ireland : Ireland(Rep.),EUR,16050 Other Current Assets : Accrued SMS,October SMS DDI,9.96,,Balance Sheet,Balance Sheet,Balance Sheet,7999
6034,2024-10-31,Ndevor Systems Ltd : Phorest Ireland,Ireland : Ireland(Rep.),EUR,40040 Sales : SMS,October SMS DDI,,35.77,Revenue,Revenue,Recurring Revenue,7992
6034,2024-10-31,Ndevor Systems Ltd : Phorest Ireland,Ireland : Ireland(Rep.),EUR,16050 Other Current Assets : Accrued SMS,October SMS DDI,35.77,,Balance Sheet,Balance Sheet,Balance Sheet,7992
6035,2024-10-31,Ndevor Systems Ltd : Phorest Ireland : Phorest UK,UK : United Kingdom(Mainland),GBP,40040 Sales : SMS,October SMS DDI,,28.16,Revenue,Revenue,Recurring Revenue,7983
6035,2024-10-31,Ndevor Systems Ltd : Phorest Ireland : Phorest UK,UK : United Kingdom(Mainland),GBP,16050 Other Current Assets : Accrued SMS,October SMS DDI,28.16,,Balance Sheet,Balance Sheet,Balance Sheet,7983
6036,2024-10-31,Ndevor Systems Ltd : Phorest Ireland : Phorest UK,UK : United Kingdom(Mainland),GBP,40040 Sales : SMS,October SMS DDI,,26.29,Revenue,Revenue,Recurring Revenue,7961
6036,2024-10-31,Ndevor Systems Ltd : Phorest Ireland : Phorest UK,UK : United Kingdom(Mainland),GBP,16050 Other Current Assets : Accrued SMS,October SMS DDI,26.29,,Balance Sheet,Balance Sheet,Balance Sheet,7961
6037,2024-10-31,Ndevor Systems Ltd : Phorest Ireland,Ireland : Ireland(Rep.),EUR,40040 Sales : SMS,October SMS DDI,,154.98,Revenue,Revenue,Recurring Revenue,7941
6037,2024-10-31,Ndevor Systems Ltd : Phorest Ireland,Ireland : Ireland(Rep.),EUR,16050 Other Current Assets : Accrued SMS,October SMS DDI,154.98,,Balance Sheet,Balance Sheet,Balance Sheet,7941
6038,2024-10-31,Ndevor Systems Ltd : Phorest Ireland : Phorest UK,UK : United Kingdom(Mainland),GBP,40040 Sales : SMS,October SMS DDI,,11.77,Revenue,Revenue,Recurring Revenue,7926
6038,2024-10-31,Ndevor Systems Ltd : Phorest Ireland : Phorest UK,UK : United Kingdom(Mainland),GBP,16050 Other Current Assets : Accrued SMS,October SMS DDI,11.77,,Balance Sheet,Balance Sheet,Balance Sheet,7926
6039,2024-10-31,Ndevor Systems Ltd : Phorest Ireland : Phorest UK,UK : United Kingdom(Mainland),GBP,40040 Sales : SMS,October SMS DDI,,31.92,Revenue,Revenue,Recurring Revenue,7919
6039,2024-10-31,Ndevor Systems Ltd : Phorest Ireland : Phorest UK,UK : United Kingdom(Mainland),GBP,16050 Other Current Assets : Accrued SMS,October SMS DDI,31.92,,Balance Sheet,Balance Sheet,Balance Sheet,7919
6040,2024-10-31,Ndevor Systems Ltd : Phorest Ireland,Ireland : Ireland(Rep.),EUR,40040 Sales : SMS,October SMS DDI,,19.6,Revenue,Revenue,Recurring Revenue,7905
6040,2024-10-31,Ndevor Systems Ltd : Phorest Ireland,Ireland : Ireland(Rep.),EUR,16050 Other Current Assets : Accrued SMS,October SMS DDI,19.6,,Balance Sheet,Balance Sheet,Balance Sheet,7905
6041,2024-10-31,Ndevor Systems Ltd : Phorest Ireland : Phorest UK,UK : United Kingdom(Mainland),GBP,40040 Sales : SMS,October SMS DDI,,11.34,Revenue,Revenue,Recurring Revenue,7897
6041,2024-10-31,Ndevor Systems Ltd : Phorest Ireland : Phorest UK,UK : United Kingdom(Mainland),GBP,16050 Other Current Assets : Accrued SMS,October SMS DDI,11.34,,Balance Sheet,Balance Sheet,Balance Sheet,7897
6042,2024-10-31,Ndevor Systems Ltd : Phorest Ireland : Phorest UK,UK : United Kingdom(Mainland),GBP,40040 Sales : SMS,October SMS DDI,,8.69,Revenue,Revenue,Recurring Revenue,7879
6042,2024-10-31,Ndevor Systems Ltd : Phorest Ireland : Phorest UK,UK : United Kingdom(Mainland),GBP,16050 Other Current Assets : Accrued SMS,October SMS DDI,8.69,,Balance Sheet,Balance Sheet,Balance Sheet,7879
6043,2024-10-31,Ndevor Systems Ltd : Phorest Ireland : Phorest UK,UK : United Kingdom(Mainland),GBP,40040 Sales : SMS,October SMS DDI,,28.0,Revenue,Revenue,Recurring Revenue,7878
6043,2024-10-31,Ndevor Systems Ltd : Phorest Ireland : Phorest UK,UK : United Kingdom(Mainland),GBP,16050 Other Current Assets : Accrued SMS,October SMS DDI,28.0,,Balance Sheet,Balance Sheet,Balance Sheet,7878
6044,2024-10-31,Ndevor Systems Ltd : Phorest Ireland : Phorest UK,UK : United Kingdom(Mainland),GBP,40040 Sales : SMS,October SMS DDI,,28.59,Revenue,Revenue,Recurring Revenue,7873
6044,2024-10-31,Ndevor Systems Ltd : Phorest Ireland : Phorest UK,UK : United Kingdom(Mainland),GBP,16050 Other Current Assets : Accrued SMS,October SMS DDI,28.59,,Balance Sheet,Balance Sheet,Balance Sheet,7873
6045,2024-10-31,Ndevor Systems Ltd : Phorest Ireland : Phorest UK,UK : United Kingdom(NI),GBP,40040 Sales : SMS,October SMS DDI,,16.8,Revenue,Revenue,Recurring Revenue,7866
6045,2024-10-31,Ndevor Systems Ltd : Phorest Ireland : Phorest UK,UK : United Kingdom(NI),GBP,16050 Other Current Assets : Accrued SMS,October SMS DDI,16.8,,Balance Sheet,Balance Sheet,Balance Sheet,7866
6046,2024-10-31,Ndevor Systems Ltd : Phorest Ireland : Phorest UK,UK : United Kingdom(Mainland),GBP,40040 Sales : SMS,October SMS DDI,,27.72,Revenue,Revenue,Recurring Revenue,7858
6046,2024-10-31,Ndevor Systems Ltd : Phorest Ireland : Phorest UK,UK : United Kingdom(Mainland),GBP,16050 Other Current Assets : Accrued SMS,October SMS DDI,27.72,,Balance Sheet,Balance Sheet,Balance Sheet,7858
6047,2024-10-31,Ndevor Systems Ltd : Phorest Ireland,Ireland : Ireland(Rep.),EUR,40040 Sales : SMS,October SMS DDI,,334.18,Revenue,Revenue,Recurring Revenue,7857
6047,2024-10-31,Ndevor Systems Ltd : Phorest Ireland,Ireland : Ireland(Rep.),EUR,16050 Other Current Assets : Accrued SMS,October SMS DDI,334.18,,Balance Sheet,Balance Sheet,Balance Sheet,7857
6048,2024-10-31,Ndevor Systems Ltd : Phorest Ireland : Phorest UK,UK : United Kingdom(Mainland),GBP,40040 Sales : SMS,October SMS DDI,,35.41,Revenue,Revenue,Recurring Revenue,7852
6048,2024-10-31,Ndevor Systems Ltd : Phorest Ireland : Phorest UK,UK : United Kingdom(Mainland),GBP,16050 Other Current Assets : Accrued SMS,October SMS DDI,35.41,,Balance Sheet,Balance Sheet,Balance Sheet,7852
6049,2024-10-31,Ndevor Systems Ltd : Phorest Ireland : Phorest UK,UK : United Kingdom(Mainland),GBP,40040 Sales : SMS,October SMS DDI,,96.74,Revenue,Revenue,Recurring Revenue,7847
6049,2024-10-31,Ndevor Systems Ltd : Phorest Ireland : Phorest UK,UK : United Kingdom(Mainland),GBP,16050 Other Current Assets : Accrued SMS,October SMS DDI,96.74,,Balance Sheet,Balance Sheet,Balance Sheet,7847
6050,2024-10-31,Ndevor Systems Ltd : Phorest Ireland : Phorest UK,UK : United Kingdom(Mainland),GBP,40040 Sales : SMS,October SMS DDI,,0.28,Revenue,Revenue,Recurring Revenue,7838
6050,2024-10-31,Ndevor Systems Ltd : Phorest Ireland : Phorest UK,UK : United Kingdom(Mainland),GBP,16050 Other Current Assets : Accrued SMS,October SMS DDI,0.28,,Balance Sheet,Balance Sheet,Balance Sheet,7838
6051,2024-10-31,Ndevor Systems Ltd : Phorest Ireland,Ireland : Ireland(Rep.),EUR,40040 Sales : SMS,October SMS DDI,,131.04,Revenue,Revenue,Recurring Revenue,7836
6051,2024-10-31,Ndevor Systems Ltd : Phorest Ireland,Ireland : Ireland(Rep.),EUR,16050 Other Current Assets : Accrued SMS,October SMS DDI,131.04,,Balance Sheet,Balance Sheet,Balance Sheet,7836
6052,2024-10-31,Ndevor Systems Ltd : Phorest Ireland : Phorest UK,UK : United Kingdom(Mainland),GBP,40040 Sales : SMS,October SMS DDI,,7.7,Revenue,Revenue,Recurring Revenue,7834
6052,2024-10-31,Ndevor Systems Ltd : Phorest Ireland : Phorest UK,UK : United Kingdom(Mainland),GBP,16050 Other Current Assets : Accrued SMS,October SMS DDI,7.7,,Balance Sheet,Balance Sheet,Balance Sheet,7834
6053,2024-10-31,Ndevor Systems Ltd : Phorest Ireland : Phorest UK,UK : United Kingdom(Mainland),GBP,40040 Sales : SMS,October SMS DDI,,14.1,Revenue,Revenue,Recurring Revenue,7827
6053,2024-10-31,Ndevor Systems Ltd : Phorest Ireland : Phorest UK,UK : United Kingdom(Mainland),GBP,16050 Other Current Assets : Accrued SMS,October SMS DDI,14.1,,Balance Sheet,Balance Sheet,Balance Sheet,7827
6054,2024-10-31,Ndevor Systems Ltd : Phorest Ireland : Phorest UK,UK : United Kingdom(Mainland),GBP,40040 Sales : SMS,October SMS DDI,,27.6,Revenue,Revenue,Recurring Revenue,7810
6054,2024-10-31,Ndevor Systems Ltd : Phorest Ireland : Phorest UK,UK : United Kingdom(Mainland),GBP,16050 Other Current Assets : Accrued SMS,October SMS DDI,27.6,,Balance Sheet,Balance Sheet,Balance Sheet,7810
6055,2024-10-31,Ndevor Systems Ltd : Phorest Ireland,Ireland : Ireland(Rep.),EUR,40040 Sales : SMS,October SMS DDI,,160.16,Revenue,Revenue,Recurring Revenue,7808
6055,2024-10-31,Ndevor Systems Ltd : Phorest Ireland,Ireland : Ireland(Rep.),EUR,16050 Other Current Assets : Accrued SMS,October SMS DDI,160.16,,Balance Sheet,Balance Sheet,Balance Sheet,7808
6056,2024-10-31,Ndevor Systems Ltd : Phorest Ireland,Ireland : Ireland(Rep.),EUR,40040 Sales : SMS,October SMS DDI,,65.86,Revenue,Revenue,Recurring Revenue,7660
6056,2024-10-31,Ndevor Systems Ltd : Phorest Ireland,Ireland : Ireland(Rep.),EUR,16050 Other Current Assets : Accrued SMS,October SMS DDI,65.86,,Balance Sheet,Balance Sheet,Balance Sheet,7660
6057,2024-10-31,Ndevor Systems Ltd : Phorest Ireland : Phorest UK,UK : United Kingdom(Mainland),GBP,40040 Sales : SMS,October SMS DDI,,33.94,Revenue,Revenue,Recurring Revenue,7619
6057,2024-10-31,Ndevor Systems Ltd : Phorest Ireland : Phorest UK,UK : United Kingdom(Mainland),GBP,16050 Other Current Assets : Accrued SMS,October SMS DDI,33.94,,Balance Sheet,Balance Sheet,Balance Sheet,7619
6058,2024-10-31,Ndevor Systems Ltd : Phorest Ireland : Phorest UK,UK : United Kingdom(Mainland),GBP,40040 Sales : SMS,October SMS DDI,,54.86,Revenue,Revenue,Recurring Revenue,7580
6058,2024-10-31,Ndevor Systems Ltd : Phorest Ireland : Phorest UK,UK : United Kingdom(Mainland),GBP,16050 Other Current Assets : Accrued SMS,October SMS DDI,54.86,,Balance Sheet,Balance Sheet,Balance Sheet,7580
6059,2024-10-31,Ndevor Systems Ltd : Phorest Ireland,Ireland : Ireland(Rep.),EUR,40040 Sales : SMS,October SMS DDI,,23.7,Revenue,Revenue,Recurring Revenue,7497
6059,2024-10-31,Ndevor Systems Ltd : Phorest Ireland,Ireland : Ireland(Rep.),EUR,16050 Other Current Assets : Accrued SMS,October SMS DDI,23.7,,Balance Sheet,Balance Sheet,Balance Sheet,7497
6060,2024-10-31,Ndevor Systems Ltd : Phorest Ireland,Ireland : Ireland(Rep.),EUR,40040 Sales : SMS,October SMS DDI,,49.21,Revenue,Revenue,Recurring Revenue,7416
6060,2024-10-31,Ndevor Systems Ltd : Phorest Ireland,Ireland : Ireland(Rep.),EUR,16050 Other Current Assets : Accrued SMS,October SMS DDI,49.21,,Balance Sheet,Balance Sheet,Balance Sheet,7416
6061,2024-10-31,Ndevor Systems Ltd : Phorest Ireland,Ireland : Ireland(Rep.),EUR,40040 Sales : SMS,October SMS DDI,,93.15,Revenue,Revenue,Recurring Revenue,7331
6061,2024-10-31,Ndevor Systems Ltd : Phorest Ireland,Ireland : Ireland(Rep.),EUR,16050 Other Current Assets : Accrued SMS,October SMS DDI,93.15,,Balance Sheet,Balance Sheet,Balance Sheet,7331
6062,2024-10-31,Ndevor Systems Ltd : Phorest Ireland,Ireland : Ireland(Rep.),EUR,40040 Sales : SMS,October SMS DDI,,8.99,Revenue,Revenue,Recurring Revenue,7329
6062,2024-10-31,Ndevor Systems Ltd : Phorest Ireland,Ireland : Ireland(Rep.),EUR,16050 Other Current Assets : Accrued SMS,October SMS DDI,8.99,,Balance Sheet,Balance Sheet,Balance Sheet,7329
6063,2024-10-31,Ndevor Systems Ltd : Phorest Ireland : Phorest UK,UK : United Kingdom(Mainland),GBP,40040 Sales : SMS,October SMS DDI,,17.96,Revenue,Revenue,Recurring Revenue,7293
6063,2024-10-31,Ndevor Systems Ltd : Phorest Ireland : Phorest UK,UK : United Kingdom(Mainland),GBP,16050 Other Current Assets : Accrued SMS,October SMS DDI,17.96,,Balance Sheet,Balance Sheet,Balance Sheet,7293
6064,2024-10-31,Ndevor Systems Ltd : Phorest Ireland : Phorest UK,UK : United Kingdom(Mainland),GBP,40040 Sales : SMS,October SMS DDI,,34.01,Revenue,Revenue,Recurring Revenue,7290
6064,2024-10-31,Ndevor Systems Ltd : Phorest Ireland : Phorest UK,UK : United Kingdom(Mainland),GBP,16050 Other Current Assets : Accrued SMS,October SMS DDI,34.01,,Balance Sheet,Balance Sheet,Balance Sheet,7290
6065,2024-10-31,Ndevor Systems Ltd : Phorest Ireland : Phorest UK,UK : United Kingdom(Mainland),GBP,40040 Sales : SMS,October SMS DDI,,56.54,Revenue,Revenue,Recurring Revenue,7289
6065,2024-10-31,Ndevor Systems Ltd : Phorest Ireland : Phorest UK,UK : United Kingdom(Mainland),GBP,16050 Other Current Assets : Accrued SMS,October SMS DDI,56.54,,Balance Sheet,Balance Sheet,Balance Sheet,7289
6066,2024-10-31,Ndevor Systems Ltd : Phorest Ireland,Ireland : Ireland(Rep.),EUR,40040 Sales : SMS,October SMS DDI,,39.96,Revenue,Revenue,Recurring Revenue,7268
6066,2024-10-31,Ndevor Systems Ltd : Phorest Ireland,Ireland : Ireland(Rep.),EUR,16050 Other Current Assets : Accrued SMS,October SMS DDI,39.96,,Balance Sheet,Balance Sheet,Balance Sheet,7268
6067,2024-10-31,Ndevor Systems Ltd : Phorest Ireland,Ireland : Ireland(Rep.),EUR,40040 Sales : SMS,October SMS DDI,,86.69,Revenue,Revenue,Recurring Revenue,7251
6067,2024-10-31,Ndevor Systems Ltd : Phorest Ireland,Ireland : Ireland(Rep.),EUR,16050 Other Current Assets : Accrued SMS,October SMS DDI,86.69,,Balance Sheet,Balance Sheet,Balance Sheet,7251
6068,2024-10-31,Ndevor Systems Ltd : Phorest Ireland,Ireland : Ireland(Rep.),EUR,40040 Sales : SMS,October SMS DDI,,9.78,Revenue,Revenue,Recurring Revenue,7200
6068,2024-10-31,Ndevor Systems Ltd : Phorest Ireland,Ireland : Ireland(Rep.),EUR,16050 Other Current Assets : Accrued SMS,October SMS DDI,9.78,,Balance Sheet,Balance Sheet,Balance Sheet,7200
6069,2024-10-31,Ndevor Systems Ltd : Phorest Ireland : Phorest UK,UK : United Kingdom(Mainland),GBP,40040 Sales : SMS,October SMS DDI,,77.7,Revenue,Revenue,Recurring Revenue,7165
6069,2024-10-31,Ndevor Systems Ltd : Phorest Ireland : Phorest UK,UK : United Kingdom(Mainland),GBP,16050 Other Current Assets : Accrued SMS,October SMS DDI,77.7,,Balance Sheet,Balance Sheet,Balance Sheet,7165
6070,2024-10-31,Ndevor Systems Ltd : Phorest Ireland : Phorest UK,UK : United Kingdom(Mainland),GBP,40040 Sales : SMS,October SMS DDI,,27.42,Revenue,Revenue,Recurring Revenue,7120
6070,2024-10-31,Ndevor Systems Ltd : Phorest Ireland : Phorest UK,UK : United Kingdom(Mainland),GBP,16050 Other Current Assets : Accrued SMS,October SMS DDI,27.42,,Balance Sheet,Balance Sheet,Balance Sheet,7120
6071,2024-10-31,Ndevor Systems Ltd : Phorest Ireland : Phorest UK,UK : United Kingdom(Mainland),GBP,40040 Sales : SMS,October SMS DDI,,371.98,Revenue,Revenue,Recurring Revenue,7080
6071,2024-10-31,Ndevor Systems Ltd : Phorest Ireland : Phorest UK,UK : United Kingdom(Mainland),GBP,16050 Other Current Assets : Accrued SMS,October SMS DDI,371.98,,Balance Sheet,Balance Sheet,Balance Sheet,7080
6072,2024-10-31,Ndevor Systems Ltd : Phorest Ireland,Ireland : Ireland(Rep.),EUR,40040 Sales : SMS,October SMS DDI,,100.45,Revenue,Revenue,Recurring Revenue,7061
6072,2024-10-31,Ndevor Systems Ltd : Phorest Ireland,Ireland : Ireland(Rep.),EUR,16050 Other Current Assets : Accrued SMS,October SMS DDI,100.45,,Balance Sheet,Balance Sheet,Balance Sheet,7061
6073,2024-10-31,Ndevor Systems Ltd : Phorest Ireland,Ireland : Ireland(Rep.),EUR,40040 Sales : SMS,October SMS DDI,,85.48,Revenue,Revenue,Recurring Revenue,7003
6073,2024-10-31,Ndevor Systems Ltd : Phorest Ireland,Ireland : Ireland(Rep.),EUR,16050 Other Current Assets : Accrued SMS,October SMS DDI,85.48,,Balance Sheet,Balance Sheet,Balance Sheet,7003
6074,2024-10-31,Ndevor Systems Ltd : Phorest Ireland,Ireland : Ireland(Rep.),EUR,40040 Sales : SMS,October SMS DDI,,28.3,Revenue,Revenue,Recurring Revenue,6996
6074,2024-10-31,Ndevor Systems Ltd : Phorest Ireland,Ireland : Ireland(Rep.),EUR,16050 Other Current Assets : Accrued SMS,October SMS DDI,28.3,,Balance Sheet,Balance Sheet,Balance Sheet,6996
6075,2024-10-31,Ndevor Systems Ltd : Phorest Ireland,Ireland : Ireland(Rep.),EUR,40040 Sales : SMS,October SMS DDI,,25.69,Revenue,Revenue,Recurring Revenue,6918
6075,2024-10-31,Ndevor Systems Ltd : Phorest Ireland,Ireland : Ireland(Rep.),EUR,16050 Other Current Assets : Accrued SMS,October SMS DDI,25.69,,Balance Sheet,Balance Sheet,Balance Sheet,6918
6076,2024-10-31,Ndevor Systems Ltd : Phorest Ireland : Phorest UK,UK : United Kingdom(Mainland),GBP,40040 Sales : SMS,October SMS DDI,,28.41,Revenue,Revenue,Recurring Revenue,6855
6076,2024-10-31,Ndevor Systems Ltd : Phorest Ireland : Phorest UK,UK : United Kingdom(Mainland),GBP,16050 Other Current Assets : Accrued SMS,October SMS DDI,28.41,,Balance Sheet,Balance Sheet,Balance Sheet,6855
6077,2024-10-31,Ndevor Systems Ltd : Phorest Ireland,Ireland : Ireland(Rep.),EUR,40040 Sales : SMS,October SMS DDI,,67.34,Revenue,Revenue,Recurring Revenue,6664
6077,2024-10-31,Ndevor Systems Ltd : Phorest Ireland,Ireland : Ireland(Rep.),EUR,16050 Other Current Assets : Accrued SMS,October SMS DDI,67.34,,Balance Sheet,Balance Sheet,Balance Sheet,6664
6078,2024-10-31,Ndevor Systems Ltd : Phorest Ireland : Phorest UK,UK : United Kingdom(NI),GBP,40040 Sales : SMS,October SMS DDI,,15.1,Revenue,Revenue,Recurring Revenue,6639
6078,2024-10-31,Ndevor Systems Ltd : Phorest Ireland : Phorest UK,UK : United Kingdom(NI),GBP,16050 Other Current Assets : Accrued SMS,October SMS DDI,15.1,,Balance Sheet,Balance Sheet,Balance Sheet,6639
6079,2024-10-31,Ndevor Systems Ltd : Phorest Ireland,Ireland : Ireland(Rep.),EUR,40040 Sales : SMS,October SMS DDI,,47.89,Revenue,Revenue,Recurring Revenue,6584
6079,2024-10-31,Ndevor Systems Ltd : Phorest Ireland,Ireland : Ireland(Rep.),EUR,16050 Other Current Assets : Accrued SMS,October SMS DDI,47.89,,Balance Sheet,Balance Sheet,Balance Sheet,6584
6080,2024-10-31,Ndevor Systems Ltd : Phorest Ireland,Ireland : Ireland(Rep.),EUR,40040 Sales : SMS,October SMS DDI,,52.57,Revenue,Revenue,Recurring Revenue,6501
6080,2024-10-31,Ndevor Systems Ltd : Phorest Ireland,Ireland : Ireland(Rep.),EUR,16050 Other Current Assets : Accrued SMS,October SMS DDI,52.57,,Balance Sheet,Balance Sheet,Balance Sheet,6501
6081,2024-10-31,Ndevor Systems Ltd : Phorest Ireland,Ireland : Ireland(Rep.),EUR,40040 Sales : SMS,October SMS DDI,,46.2,Revenue,Revenue,Recurring Revenue,6499
6081,2024-10-31,Ndevor Systems Ltd : Phorest Ireland,Ireland : Ireland(Rep.),EUR,16050 Other Current Assets : Accrued SMS,October SMS DDI,46.2,,Balance Sheet,Balance Sheet,Balance Sheet,6499
6082,2024-10-31,Ndevor Systems Ltd : Phorest Ireland,Ireland : Ireland(Rep.),EUR,40040 Sales : SMS,October SMS DDI,,84.99,Revenue,Revenue,Recurring Revenue,6468
6082,2024-10-31,Ndevor Systems Ltd : Phorest Ireland,Ireland : Ireland(Rep.),EUR,16050 Other Current Assets : Accrued SMS,October SMS DDI,84.99,,Balance Sheet,Balance Sheet,Balance Sheet,6468
6083,2024-10-31,Ndevor Systems Ltd : Phorest Ireland,Ireland : Ireland(Rep.),EUR,40040 Sales : SMS,October SMS DDI,,56.91,Revenue,Revenue,Recurring Revenue,6399
6083,2024-10-31,Ndevor Systems Ltd : Phorest Ireland,Ireland : Ireland(Rep.),EUR,16050 Other Current Assets : Accrued SMS,October SMS DDI,56.91,,Balance Sheet,Balance Sheet,Balance Sheet,6399
6084,2024-10-31,Ndevor Systems Ltd : Phorest Ireland,Ireland : Ireland(Rep.),EUR,40040 Sales : SMS,October SMS DDI,,64.93,Revenue,Revenue,Recurring Revenue,6361
6084,2024-10-31,Ndevor Systems Ltd : Phorest Ireland,Ireland : Ireland(Rep.),EUR,16050 Other Current Assets : Accrued SMS,October SMS DDI,64.93,,Balance Sheet,Balance Sheet,Balance Sheet,6361
6085,2024-10-31,Ndevor Systems Ltd : Phorest Ireland,Ireland : Ireland(Rep.),EUR,40040 Sales : SMS,October SMS DDI,,16.5,Revenue,Revenue,Recurring Revenue,6338
6085,2024-10-31,Ndevor Systems Ltd : Phorest Ireland,Ireland : Ireland(Rep.),EUR,16050 Other Current Assets : Accrued SMS,October SMS DDI,16.5,,Balance Sheet,Balance Sheet,Balance Sheet,6338
6086,2024-10-31,Ndevor Systems Ltd : Phorest Ireland : Phorest UK,UK : United Kingdom(Mainland),GBP,40040 Sales : SMS,October SMS DDI,,13.52,Revenue,Revenue,Recurring Revenue,6312
6086,2024-10-31,Ndevor Systems Ltd : Phorest Ireland : Phorest UK,UK : United Kingdom(Mainland),GBP,16050 Other Current Assets : Accrued SMS,October SMS DDI,13.52,,Balance Sheet,Balance Sheet,Balance Sheet,6312
6087,2024-10-31,Ndevor Systems Ltd : Phorest Ireland : Phorest UK,UK : United Kingdom(Mainland),GBP,40040 Sales : SMS,October SMS DDI,,47.39,Revenue,Revenue,Recurring Revenue,6189
6087,2024-10-31,Ndevor Systems Ltd : Phorest Ireland : Phorest UK,UK : United Kingdom(Mainland),GBP,16050 Other Current Assets : Accrued SMS,October SMS DDI,47.39,,Balance Sheet,Balance Sheet,Balance Sheet,6189
6088,2024-10-31,Ndevor Systems Ltd : Phorest Ireland : Phorest UK,UK : United Kingdom(Mainland),GBP,40040 Sales : SMS,October SMS DDI,,91.32,Revenue,Revenue,Recurring Revenue,6179
6088,2024-10-31,Ndevor Systems Ltd : Phorest Ireland : Phorest UK,UK : United Kingdom(Mainland),GBP,16050 Other Current Assets : Accrued SMS,October SMS DDI,91.32,,Balance Sheet,Balance Sheet,Balance Sheet,6179
6089,2024-10-31,Ndevor Systems Ltd : Phorest Ireland : Phorest UK,UK : United Kingdom(Mainland),GBP,40040 Sales : SMS,October SMS DDI,,32.34,Revenue,Revenue,Recurring Revenue,6150
6089,2024-10-31,Ndevor Systems Ltd : Phorest Ireland : Phorest UK,UK : United Kingdom(Mainland),GBP,16050 Other Current Assets : Accrued SMS,October SMS DDI,32.34,,Balance Sheet,Balance Sheet,Balance Sheet,6150
6090,2024-10-31,Ndevor Systems Ltd : Phorest Ireland,Ireland : Ireland(Rep.),EUR,40040 Sales : SMS,October SMS DDI,,7.55,Revenue,Revenue,Recurring Revenue,6098
6090,2024-10-31,Ndevor Systems Ltd : Phorest Ireland,Ireland : Ireland(Rep.),EUR,16050 Other Current Assets : Accrued SMS,October SMS DDI,7.55,,Balance Sheet,Balance Sheet,Balance Sheet,6098
6091,2024-10-31,Ndevor Systems Ltd : Phorest Ireland,Ireland : Ireland(Rep.),EUR,40040 Sales : SMS,October SMS DDI,,65.46,Revenue,Revenue,Recurring Revenue,6083
6091,2024-10-31,Ndevor Systems Ltd : Phorest Ireland,Ireland : Ireland(Rep.),EUR,16050 Other Current Assets : Accrued SMS,October SMS DDI,65.46,,Balance Sheet,Balance Sheet,Balance Sheet,6083
6092,2024-10-31,Ndevor Systems Ltd : Phorest Ireland,Ireland : Ireland(Rep.),EUR,40040 Sales : SMS,October SMS DDI,,411.7,Revenue,Revenue,Recurring Revenue,6000
6092,2024-10-31,Ndevor Systems Ltd : Phorest Ireland,Ireland : Ireland(Rep.),EUR,16050 Other Current Assets : Accrued SMS,October SMS DDI,411.7,,Balance Sheet,Balance Sheet,Balance Sheet,6000
6093,2024-10-31,Ndevor Systems Ltd : Phorest Ireland,Ireland : Ireland(Rep.),EUR,40040 Sales : SMS,October SMS DDI,,91.51,Revenue,Revenue,Recurring Revenue,5871
6093,2024-10-31,Ndevor Systems Ltd : Phorest Ireland,Ireland : Ireland(Rep.),EUR,16050 Other Current Assets : Accrued SMS,October SMS DDI,91.51,,Balance Sheet,Balance Sheet,Balance Sheet,5871
6094,2024-10-31,Ndevor Systems Ltd : Phorest Ireland,Ireland : Ireland(Rep.),EUR,40040 Sales : SMS,October SMS DDI,,53.52,Revenue,Revenue,Recurring Revenue,5821
6094,2024-10-31,Ndevor Systems Ltd : Phorest Ireland,Ireland : Ireland(Rep.),EUR,16050 Other Current Assets : Accrued SMS,October SMS DDI,53.52,,Balance Sheet,Balance Sheet,Balance Sheet,5821
6095,2024-10-31,Ndevor Systems Ltd : Phorest Ireland,Ireland : Ireland(Rep.),EUR,40040 Sales : SMS,October SMS DDI,,58.17,Revenue,Revenue,Recurring Revenue,5812
6095,2024-10-31,Ndevor Systems Ltd : Phorest Ireland,Ireland : Ireland(Rep.),EUR,16050 Other Current Assets : Accrued SMS,October SMS DDI,58.17,,Balance Sheet,Balance Sheet,Balance Sheet,5812
6096,2024-10-31,Ndevor Systems Ltd : Phorest Ireland,Ireland : Ireland(Rep.),EUR,40040 Sales : SMS,October SMS DDI,,16.55,Revenue,Revenue,Recurring Revenue,5793
6096,2024-10-31,Ndevor Systems Ltd : Phorest Ireland,Ireland : Ireland(Rep.),EUR,16050 Other Current Assets : Accrued SMS,October SMS DDI,16.55,,Balance Sheet,Balance Sheet,Balance Sheet,5793
6097,2024-10-31,Ndevor Systems Ltd : Phorest Ireland,Ireland : Ireland(Rep.),EUR,40040 Sales : SMS,October SMS DDI,,12.68,Revenue,Revenue,Recurring Revenue,5678
6097,2024-10-31,Ndevor Systems Ltd : Phorest Ireland,Ireland : Ireland(Rep.),EUR,16050 Other Current Assets : Accrued SMS,October SMS DDI,12.68,,Balance Sheet,Balance Sheet,Balance Sheet,5678
6098,2024-10-31,Ndevor Systems Ltd : Phorest Ireland,Ireland : Ireland(Rep.),EUR,40040 Sales : SMS,October SMS DDI,,24.53,Revenue,Revenue,Recurring Revenue,5651
6098,2024-10-31,Ndevor Systems Ltd : Phorest Ireland,Ireland : Ireland(Rep.),EUR,16050 Other Current Assets : Accrued SMS,October SMS DDI,24.53,,Balance Sheet,Balance Sheet,Balance Sheet,5651
6099,2024-10-31,Ndevor Systems Ltd : Phorest Ireland,Ireland : Ireland(Rep.),EUR,40040 Sales : SMS,October SMS DDI,,22.43,Revenue,Revenue,Recurring Revenue,5610
6099,2024-10-31,Ndevor Systems Ltd : Phorest Ireland,Ireland : Ireland(Rep.),EUR,16050 Other Current Assets : Accrued SMS,October SMS DDI,22.43,,Balance Sheet,Balance Sheet,Balance Sheet,5610
6100,2024-10-31,Ndevor Systems Ltd : Phorest Ireland,Ireland : Ireland(Rep.),EUR,40040 Sales : SMS,October SMS DDI,,31.2,Revenue,Revenue,Recurring Revenue,5596
6100,2024-10-31,Ndevor Systems Ltd : Phorest Ireland,Ireland : Ireland(Rep.),EUR,16050 Other Current Assets : Accrued SMS,October SMS DDI,31.2,,Balance Sheet,Balance Sheet,Balance Sheet,5596
6101,2024-10-31,Ndevor Systems Ltd : Phorest Ireland,Ireland : Ireland(Rep.),EUR,40040 Sales : SMS,October SMS DDI,,27.8,Revenue,Revenue,Recurring Revenue,5502
6101,2024-10-31,Ndevor Systems Ltd : Phorest Ireland,Ireland : Ireland(Rep.),EUR,16050 Other Current Assets : Accrued SMS,October SMS DDI,27.8,,Balance Sheet,Balance Sheet,Balance Sheet,5502
6102,2024-10-31,Ndevor Systems Ltd : Phorest Ireland : Phorest UK,UK : United Kingdom(NI),GBP,40040 Sales : SMS,October SMS DDI,,33.89,Revenue,Revenue,Recurring Revenue,5458
6102,2024-10-31,Ndevor Systems Ltd : Phorest Ireland : Phorest UK,UK : United Kingdom(NI),GBP,16050 Other Current Assets : Accrued SMS,October SMS DDI,33.89,,Balance Sheet,Balance Sheet,Balance Sheet,5458
6103,2024-10-31,Ndevor Systems Ltd : Phorest Ireland,Ireland : Ireland(Rep.),EUR,40040 Sales : SMS,October SMS DDI,,180.45,Revenue,Revenue,Recurring Revenue,5259
6103,2024-10-31,Ndevor Systems Ltd : Phorest Ireland,Ireland : Ireland(Rep.),EUR,16050 Other Current Assets : Accrued SMS,October SMS DDI,180.45,,Balance Sheet,Balance Sheet,Balance Sheet,5259
6104,2024-10-31,Ndevor Systems Ltd : Phorest Ireland,Ireland : Ireland(Rep.),EUR,40040 Sales : SMS,October SMS DDI,,125.79,Revenue,Revenue,Recurring Revenue,4902
6104,2024-10-31,Ndevor Systems Ltd : Phorest Ireland,Ireland : Ireland(Rep.),EUR,16050 Other Current Assets : Accrued SMS,October SMS DDI,125.79,,Balance Sheet,Balance Sheet,Balance Sheet,4902
6105,2024-10-31,Ndevor Systems Ltd : Phorest Ireland,Ireland : Ireland(Rep.),EUR,40040 Sales : SMS,October SMS DDI,,281.68,Revenue,Revenue,Recurring Revenue,4643
6105,2024-10-31,Ndevor Systems Ltd : Phorest Ireland,Ireland : Ireland(Rep.),EUR,16050 Other Current Assets : Accrued SMS,October SMS DDI,281.68,,Balance Sheet,Balance Sheet,Balance Sheet,4643
6106,2024-10-31,Ndevor Systems Ltd : Phorest Ireland,Ireland : Ireland(Rep.),EUR,40040 Sales : SMS,October SMS DDI,,48.23,Revenue,Revenue,Recurring Revenue,4418
6106,2024-10-31,Ndevor Systems Ltd : Phorest Ireland,Ireland : Ireland(Rep.),EUR,16050 Other Current Assets : Accrued SMS,October SMS DDI,48.23,,Balance Sheet,Balance Sheet,Balance Sheet,4418
6107,2024-10-31,Ndevor Systems Ltd : Phorest Ireland,Ireland : Ireland(Rep.),EUR,40040 Sales : SMS,October SMS DDI,,81.24,Revenue,Revenue,Recurring Revenue,4403
6107,2024-10-31,Ndevor Systems Ltd : Phorest Ireland,Ireland : Ireland(Rep.),EUR,16050 Other Current Assets : Accrued SMS,October SMS DDI,81.24,,Balance Sheet,Balance Sheet,Balance Sheet,4403
6108,2024-10-31,Ndevor Systems Ltd : Phorest Ireland,Ireland : Ireland(Rep.),EUR,40040 Sales : SMS,October SMS DDI,,62.01,Revenue,Revenue,Recurring Revenue,4402
6108,2024-10-31,Ndevor Systems Ltd : Phorest Ireland,Ireland : Ireland(Rep.),EUR,16050 Other Current Assets : Accrued SMS,October SMS DDI,62.01,,Balance Sheet,Balance Sheet,Balance Sheet,4402
6109,2024-10-31,Ndevor Systems Ltd : Phorest Ireland,Ireland : Ireland(Rep.),EUR,40040 Sales : SMS,October SMS DDI,,50.69,Revenue,Revenue,Recurring Revenue,4357
6109,2024-10-31,Ndevor Systems Ltd : Phorest Ireland,Ireland : Ireland(Rep.),EUR,16050 Other Current Assets : Accrued SMS,October SMS DDI,50.69,,Balance Sheet,Balance Sheet,Balance Sheet,4357
6110,2024-10-31,Ndevor Systems Ltd : Phorest Ireland,Ireland : Ireland(Rep.),EUR,40040 Sales : SMS,October SMS DDI,,68.28,Revenue,Revenue,Recurring Revenue,4318
6110,2024-10-31,Ndevor Systems Ltd : Phorest Ireland,Ireland : Ireland(Rep.),EUR,16050 Other Current Assets : Accrued SMS,October SMS DDI,68.28,,Balance Sheet,Balance Sheet,Balance Sheet,4318
6111,2024-10-31,Ndevor Systems Ltd : Phorest Ireland,Ireland : Ireland(Rep.),EUR,40040 Sales : SMS,October SMS DDI,,29.1,Revenue,Revenue,Recurring Revenue,4306
6111,2024-10-31,Ndevor Systems Ltd : Phorest Ireland,Ireland : Ireland(Rep.),EUR,16050 Other Current Assets : Accrued SMS,October SMS DDI,29.1,,Balance Sheet,Balance Sheet,Balance Sheet,4306
6112,2024-10-31,Ndevor Systems Ltd : Phorest Ireland : Phorest UK,UK : United Kingdom(Mainland),GBP,40040 Sales : SMS,October SMS DDI,,26.95,Revenue,Revenue,Recurring Revenue,4284
6112,2024-10-31,Ndevor Systems Ltd : Phorest Ireland : Phorest UK,UK : United Kingdom(Mainland),GBP,16050 Other Current Assets : Accrued SMS,October SMS DDI,26.95,,Balance Sheet,Balance Sheet,Balance Sheet,4284
6113,2024-10-31,Ndevor Systems Ltd : Phorest Ireland,Ireland : Ireland(Rep.),EUR,40040 Sales : SMS,October SMS DDI,,5.81,Revenue,Revenue,Recurring Revenue,4273
6113,2024-10-31,Ndevor Systems Ltd : Phorest Ireland,Ireland : Ireland(Rep.),EUR,16050 Other Current Assets : Accrued SMS,October SMS DDI,5.81,,Balance Sheet,Balance Sheet,Balance Sheet,4273
6114,2024-10-31,Ndevor Systems Ltd : Phorest Ireland,Ireland : Ireland(Rep.),EUR,40040 Sales : SMS,October SMS DDI,,29.89,Revenue,Revenue,Recurring Revenue,4244
6114,2024-10-31,Ndevor Systems Ltd : Phorest Ireland,Ireland : Ireland(Rep.),EUR,16050 Other Current Assets : Accrued SMS,October SMS DDI,29.89,,Balance Sheet,Balance Sheet,Balance Sheet,4244
6115,2024-10-31,Ndevor Systems Ltd : Phorest Ireland,Ireland : Ireland(Rep.),EUR,40040 Sales : SMS,October SMS DDI,,24.15,Revenue,Revenue,Recurring Revenue,4214
6115,2024-10-31,Ndevor Systems Ltd : Phorest Ireland,Ireland : Ireland(Rep.),EUR,16050 Other Current Assets : Accrued SMS,October SMS DDI,24.15,,Balance Sheet,Balance Sheet,Balance Sheet,4214
6116,2024-10-31,Ndevor Systems Ltd : Phorest Ireland,Ireland : Ireland(Rep.),EUR,40040 Sales : SMS,October SMS DDI,,12.2,Revenue,Revenue,Recurring Revenue,4179
6116,2024-10-31,Ndevor Systems Ltd : Phorest Ireland,Ireland : Ireland(Rep.),EUR,16050 Other Current Assets : Accrued SMS,October SMS DDI,12.2,,Balance Sheet,Balance Sheet,Balance Sheet,4179
6117,2024-10-31,Ndevor Systems Ltd : Phorest Ireland : Phorest UK,UK : United Kingdom(NI),GBP,40040 Sales : SMS,October SMS DDI,,16.83,Revenue,Revenue,Recurring Revenue,4149
6117,2024-10-31,Ndevor Systems Ltd : Phorest Ireland : Phorest UK,UK : United Kingdom(NI),GBP,16050 Other Current Assets : Accrued SMS,October SMS DDI,16.83,,Balance Sheet,Balance Sheet,Balance Sheet,4149
6118,2024-10-31,Ndevor Systems Ltd : Phorest Ireland,Ireland : Ireland(Rep.),EUR,40040 Sales : SMS,October SMS DDI,,148.26,Revenue,Revenue,Recurring Revenue,4135
6118,2024-10-31,Ndevor Systems Ltd : Phorest Ireland,Ireland : Ireland(Rep.),EUR,16050 Other Current Assets : Accrued SMS,October SMS DDI,148.26,,Balance Sheet,Balance Sheet,Balance Sheet,4135
6119,2024-10-31,Ndevor Systems Ltd : Phorest Ireland,Ireland : Ireland(Rep.),EUR,40040 Sales : SMS,October SMS DDI,,41.09,Revenue,Revenue,Recurring Revenue,4079
6119,2024-10-31,Ndevor Systems Ltd : Phorest Ireland,Ireland : Ireland(Rep.),EUR,16050 Other Current Assets : Accrued SMS,October SMS DDI,41.09,,Balance Sheet,Balance Sheet,Balance Sheet,4079
6120,2024-10-31,Ndevor Systems Ltd : Phorest Ireland,Ireland : Ireland(Rep.),EUR,40040 Sales : SMS,October SMS DDI,,18.24,Revenue,Revenue,Recurring Revenue,4076
6120,2024-10-31,Ndevor Systems Ltd : Phorest Ireland,Ireland : Ireland(Rep.),EUR,16050 Other Current Assets : Accrued SMS,October SMS DDI,18.24,,Balance Sheet,Balance Sheet,Balance Sheet,4076
6121,2024-10-31,Ndevor Systems Ltd : Phorest Ireland,Ireland : Ireland(Rep.),EUR,40040 Sales : SMS,October SMS DDI,,116.44,Revenue,Revenue,Recurring Revenue,4030
6121,2024-10-31,Ndevor Systems Ltd : Phorest Ireland,Ireland : Ireland(Rep.),EUR,16050 Other Current Assets : Accrued SMS,October SMS DDI,116.44,,Balance Sheet,Balance Sheet,Balance Sheet,4030
6122,2024-10-31,Ndevor Systems Ltd : Phorest Ireland : Phorest UK,UK : United Kingdom(NI),GBP,40040 Sales : SMS,October SMS DDI,,75.18,Revenue,Revenue,Recurring Revenue,4025
6122,2024-10-31,Ndevor Systems Ltd : Phorest Ireland : Phorest UK,UK : United Kingdom(NI),GBP,16050 Other Current Assets : Accrued SMS,October SMS DDI,75.18,,Balance Sheet,Balance Sheet,Balance Sheet,4025
6123,2024-10-31,Ndevor Systems Ltd : Phorest Ireland,Ireland : Ireland(Rep.),EUR,40040 Sales : SMS,October SMS DDI,,96.36,Revenue,Revenue,Recurring Revenue,3990
6123,2024-10-31,Ndevor Systems Ltd : Phorest Ireland,Ireland : Ireland(Rep.),EUR,16050 Other Current Assets : Accrued SMS,October SMS DDI,96.36,,Balance Sheet,Balance Sheet,Balance Sheet,3990
6124,2024-10-31,Ndevor Systems Ltd : Phorest Ireland,Ireland : Ireland(Rep.),EUR,40040 Sales : SMS,October SMS DDI,,189.7,Revenue,Revenue,Recurring Revenue,3957
6124,2024-10-31,Ndevor Systems Ltd : Phorest Ireland,Ireland : Ireland(Rep.),EUR,16050 Other Current Assets : Accrued SMS,October SMS DDI,189.7,,Balance Sheet,Balance Sheet,Balance Sheet,3957
6125,2024-10-31,Ndevor Systems Ltd : Phorest Ireland,Ireland : Ireland(Rep.),EUR,40040 Sales : SMS,October SMS DDI,,31.43,Revenue,Revenue,Recurring Revenue,3875
6125,2024-10-31,Ndevor Systems Ltd : Phorest Ireland,Ireland : Ireland(Rep.),EUR,16050 Other Current Assets : Accrued SMS,October SMS DDI,31.43,,Balance Sheet,Balance Sheet,Balance Sheet,3875
6126,2024-10-31,Ndevor Systems Ltd : Phorest Ireland,Ireland : Ireland(Rep.),EUR,40040 Sales : SMS,October SMS DDI,,20.2,Revenue,Revenue,Recurring Revenue,3793
6126,2024-10-31,Ndevor Systems Ltd : Phorest Ireland,Ireland : Ireland(Rep.),EUR,16050 Other Current Assets : Accrued SMS,October SMS DDI,20.2,,Balance Sheet,Balance Sheet,Balance Sheet,3793
6127,2024-10-31,Ndevor Systems Ltd : Phorest Ireland : Phorest UK,UK : United Kingdom(NI),GBP,40040 Sales : SMS,October SMS DDI,,11.68,Revenue,Revenue,Recurring Revenue,3784
6127,2024-10-31,Ndevor Systems Ltd : Phorest Ireland : Phorest UK,UK : United Kingdom(NI),GBP,16050 Other Current Assets : Accrued SMS,October SMS DDI,11.68,,Balance Sheet,Balance Sheet,Balance Sheet,3784
6128,2024-10-31,Ndevor Systems Ltd : Phorest Ireland : Phorest UK,UK : United Kingdom(NI),GBP,40040 Sales : SMS,October SMS DDI,,44.94,Revenue,Revenue,Recurring Revenue,3730
6128,2024-10-31,Ndevor Systems Ltd : Phorest Ireland : Phorest UK,UK : United Kingdom(NI),GBP,16050 Other Current Assets : Accrued SMS,October SMS DDI,44.94,,Balance Sheet,Balance Sheet,Balance Sheet,3730
6129,2024-10-31,Ndevor Systems Ltd : Phorest Ireland : Phorest UK,UK : United Kingdom(NI),GBP,40040 Sales : SMS,October SMS DDI,,44.6,Revenue,Revenue,Recurring Revenue,3720
6129,2024-10-31,Ndevor Systems Ltd : Phorest Ireland : Phorest UK,UK : United Kingdom(NI),GBP,16050 Other Current Assets : Accrued SMS,October SMS DDI,44.6,,Balance Sheet,Balance Sheet,Balance Sheet,3720
6130,2024-10-31,Ndevor Systems Ltd : Phorest Ireland,Ireland : Ireland(Rep.),EUR,40040 Sales : SMS,October SMS DDI,,414.7,Revenue,Revenue,Recurring Revenue,3625
6130,2024-10-31,Ndevor Systems Ltd : Phorest Ireland,Ireland : Ireland(Rep.),EUR,16050 Other Current Assets : Accrued SMS,October SMS DDI,414.7,,Balance Sheet,Balance Sheet,Balance Sheet,3625
6131,2024-10-31,Ndevor Systems Ltd : Phorest Ireland,Ireland : Ireland(Rep.),EUR,40040 Sales : SMS,October SMS DDI,,91.54,Revenue,Revenue,Recurring Revenue,3624
6131,2024-10-31,Ndevor Systems Ltd : Phorest Ireland,Ireland : Ireland(Rep.),EUR,16050 Other Current Assets : Accrued SMS,October SMS DDI,91.54,,Balance Sheet,Balance Sheet,Balance Sheet,3624
6132,2024-10-31,Ndevor Systems Ltd : Phorest Ireland,Ireland : Ireland(Rep.),EUR,40040 Sales : SMS,October SMS DDI,,45.0,Revenue,Revenue,Recurring Revenue,3606
6132,2024-10-31,Ndevor Systems Ltd : Phorest Ireland,Ireland : Ireland(Rep.),EUR,16050 Other Current Assets : Accrued SMS,October SMS DDI,45.0,,Balance Sheet,Balance Sheet,Balance Sheet,3606
6133,2024-10-31,Ndevor Systems Ltd : Phorest Ireland,Ireland : Ireland(Rep.),EUR,40040 Sales : SMS,October SMS DDI,,36.0,Revenue,Revenue,Recurring Revenue,3604
6133,2024-10-31,Ndevor Systems Ltd : Phorest Ireland,Ireland : Ireland(Rep.),EUR,16050 Other Current Assets : Accrued SMS,October SMS DDI,36.0,,Balance Sheet,Balance Sheet,Balance Sheet,3604
6134,2024-10-31,Ndevor Systems Ltd : Phorest Ireland,Ireland : Ireland(Rep.),EUR,40040 Sales : SMS,October SMS DDI,,19.16,Revenue,Revenue,Recurring Revenue,3602
6134,2024-10-31,Ndevor Systems Ltd : Phorest Ireland,Ireland : Ireland(Rep.),EUR,16050 Other Current Assets : Accrued SMS,October SMS DDI,19.16,,Balance Sheet,Balance Sheet,Balance Sheet,3602
6135,2024-10-31,Ndevor Systems Ltd : Phorest Ireland,Ireland : Ireland(Rep.),EUR,40040 Sales : SMS,October SMS DDI,,39.85,Revenue,Revenue,Recurring Revenue,3594
6135,2024-10-31,Ndevor Systems Ltd : Phorest Ireland,Ireland : Ireland(Rep.),EUR,16050 Other Current Assets : Accrued SMS,October SMS DDI,39.85,,Balance Sheet,Balance Sheet,Balance Sheet,3594
6136,2024-10-31,Ndevor Systems Ltd : Phorest Ireland,Ireland : Ireland(Rep.),EUR,40040 Sales : SMS,October SMS DDI,,342.68,Revenue,Revenue,Recurring Revenue,3593
6136,2024-10-31,Ndevor Systems Ltd : Phorest Ireland,Ireland : Ireland(Rep.),EUR,16050 Other Current Assets : Accrued SMS,October SMS DDI,342.68,,Balance Sheet,Balance Sheet,Balance Sheet,3593
6137,2024-10-31,Ndevor Systems Ltd : Phorest Ireland,Ireland : Ireland(Rep.),EUR,40040 Sales : SMS,October SMS DDI,,245.7,Revenue,Revenue,Recurring Revenue,3581
6137,2024-10-31,Ndevor Systems Ltd : Phorest Ireland,Ireland : Ireland(Rep.),EUR,16050 Other Current Assets : Accrued SMS,October SMS DDI,245.7,,Balance Sheet,Balance Sheet,Balance Sheet,3581
6138,2024-10-31,Ndevor Systems Ltd : Phorest Ireland,Ireland : Ireland(Rep.),EUR,40040 Sales : SMS,October SMS DDI,,153.06,Revenue,Revenue,Recurring Revenue,3580
6138,2024-10-31,Ndevor Systems Ltd : Phorest Ireland,Ireland : Ireland(Rep.),EUR,16050 Other Current Assets : Accrued SMS,October SMS DDI,153.06,,Balance Sheet,Balance Sheet,Balance Sheet,3580
6139,2024-10-31,Ndevor Systems Ltd : Phorest Ireland,Ireland : Ireland(Rep.),EUR,40040 Sales : SMS,October SMS DDI,,323.4,Revenue,Revenue,Recurring Revenue,3574
6139,2024-10-31,Ndevor Systems Ltd : Phorest Ireland,Ireland : Ireland(Rep.),EUR,16050 Other Current Assets : Accrued SMS,October SMS DDI,323.4,,Balance Sheet,Balance Sheet,Balance Sheet,3574
6140,2024-10-31,Ndevor Systems Ltd : Phorest Ireland,Ireland : Ireland(Rep.),EUR,40040 Sales : SMS,October SMS DDI,,32.13,Revenue,Revenue,Recurring Revenue,3552
6140,2024-10-31,Ndevor Systems Ltd : Phorest Ireland,Ireland : Ireland(Rep.),EUR,16050 Other Current Assets : Accrued SMS,October SMS DDI,32.13,,Balance Sheet,Balance Sheet,Balance Sheet,3552
6141,2024-10-31,Ndevor Systems Ltd : Phorest Ireland,Ireland : Ireland(Rep.),EUR,40040 Sales : SMS,October SMS DDI,,19.17,Revenue,Revenue,Recurring Revenue,3543
6141,2024-10-31,Ndevor Systems Ltd : Phorest Ireland,Ireland : Ireland(Rep.),EUR,16050 Other Current Assets : Accrued SMS,October SMS DDI,19.17,,Balance Sheet,Balance Sheet,Balance Sheet,3543
6142,2024-10-31,Ndevor Systems Ltd : Phorest Ireland,Ireland : Ireland(Rep.),EUR,40040 Sales : SMS,October SMS DDI,,48.65,Revenue,Revenue,Recurring Revenue,3536
6142,2024-10-31,Ndevor Systems Ltd : Phorest Ireland,Ireland : Ireland(Rep.),EUR,16050 Other Current Assets : Accrued SMS,October SMS DDI,48.65,,Balance Sheet,Balance Sheet,Balance Sheet,3536
6143,2024-10-31,Ndevor Systems Ltd : Phorest Ireland,Ireland : Ireland(Rep.),EUR,40040 Sales : SMS,October SMS DDI,,162.68,Revenue,Revenue,Recurring Revenue,3531
6143,2024-10-31,Ndevor Systems Ltd : Phorest Ireland,Ireland : Ireland(Rep.),EUR,16050 Other Current Assets : Accrued SMS,October SMS DDI,162.68,,Balance Sheet,Balance Sheet,Balance Sheet,3531
6144,2024-10-31,Ndevor Systems Ltd : Phorest Ireland,Ireland : Ireland(Rep.),EUR,40040 Sales : SMS,October SMS DDI,,62.51,Revenue,Revenue,Recurring Revenue,3527
6144,2024-10-31,Ndevor Systems Ltd : Phorest Ireland,Ireland : Ireland(Rep.),EUR,16050 Other Current Assets : Accrued SMS,October SMS DDI,62.51,,Balance Sheet,Balance Sheet,Balance Sheet,3527
6145,2024-10-31,Ndevor Systems Ltd : Phorest Ireland : Phorest UK,UK : United Kingdom(NI),GBP,40040 Sales : SMS,October SMS DDI,,20.44,Revenue,Revenue,Recurring Revenue,3517
6145,2024-10-31,Ndevor Systems Ltd : Phorest Ireland : Phorest UK,UK : United Kingdom(NI),GBP,16050 Other Current Assets : Accrued SMS,October SMS DDI,20.44,,Balance Sheet,Balance Sheet,Balance Sheet,3517
6146,2024-10-31,Ndevor Systems Ltd : Phorest Ireland : Phorest UK,UK : United Kingdom(NI),GBP,40040 Sales : SMS,October SMS DDI,,63.0,Revenue,Revenue,Recurring Revenue,3516
6146,2024-10-31,Ndevor Systems Ltd : Phorest Ireland : Phorest UK,UK : United Kingdom(NI),GBP,16050 Other Current Assets : Accrued SMS,October SMS DDI,63.0,,Balance Sheet,Balance Sheet,Balance Sheet,3516
6147,2024-10-31,Ndevor Systems Ltd : Phorest Ireland,Ireland : Ireland(Rep.),EUR,40040 Sales : SMS,October SMS DDI,,3.11,Revenue,Revenue,Recurring Revenue,3440
6147,2024-10-31,Ndevor Systems Ltd : Phorest Ireland,Ireland : Ireland(Rep.),EUR,16050 Other Current Assets : Accrued SMS,October SMS DDI,3.11,,Balance Sheet,Balance Sheet,Balance Sheet,3440
6148,2024-10-31,Ndevor Systems Ltd : Phorest Ireland,Ireland : Ireland(Rep.),EUR,40040 Sales : SMS,October SMS DDI,,1632.0,Revenue,Revenue,Recurring Revenue,3428
6148,2024-10-31,Ndevor Systems Ltd : Phorest Ireland,Ireland : Ireland(Rep.),EUR,16050 Other Current Assets : Accrued SMS,October SMS DDI,1632.0,,Balance Sheet,Balance Sheet,Balance Sheet,3428
6149,2024-10-31,Ndevor Systems Ltd : Phorest Ireland,Ireland : Ireland(Rep.),EUR,40040 Sales : SMS,October SMS DDI,,45.23,Revenue,Revenue,Recurring Revenue,3416
6149,2024-10-31,Ndevor Systems Ltd : Phorest Ireland,Ireland : Ireland(Rep.),EUR,16050 Other Current Assets : Accrued SMS,October SMS DDI,45.23,,Balance Sheet,Balance Sheet,Balance Sheet,3416
6150,2024-10-31,Ndevor Systems Ltd : Phorest Ireland,Ireland : Ireland(Rep.),EUR,40040 Sales : SMS,October SMS DDI,,243.58,Revenue,Revenue,Recurring Revenue,3406
6150,2024-10-31,Ndevor Systems Ltd : Phorest Ireland,Ireland : Ireland(Rep.),EUR,16050 Other Current Assets : Accrued SMS,October SMS DDI,243.58,,Balance Sheet,Balance Sheet,Balance Sheet,3406
6151,2024-10-31,Ndevor Systems Ltd : Phorest Ireland,Ireland : Ireland(Rep.),EUR,40040 Sales : SMS,October SMS DDI,,40.6,Revenue,Revenue,Recurring Revenue,3399
6151,2024-10-31,Ndevor Systems Ltd : Phorest Ireland,Ireland : Ireland(Rep.),EUR,16050 Other Current Assets : Accrued SMS,October SMS DDI,40.6,,Balance Sheet,Balance Sheet,Balance Sheet,3399
6152,2024-10-31,Ndevor Systems Ltd : Phorest Ireland,Ireland : Ireland(Rep.),EUR,40040 Sales : SMS,October SMS DDI,,15.61,Revenue,Revenue,Recurring Revenue,3388
6152,2024-10-31,Ndevor Systems Ltd : Phorest Ireland,Ireland : Ireland(Rep.),EUR,16050 Other Current Assets : Accrued SMS,October SMS DDI,15.61,,Balance Sheet,Balance Sheet,Balance Sheet,3388
6153,2024-10-31,Ndevor Systems Ltd : Phorest Ireland,Ireland : Ireland(Rep.),EUR,40040 Sales : SMS,October SMS DDI,,20.79,Revenue,Revenue,Recurring Revenue,3383
6153,2024-10-31,Ndevor Systems Ltd : Phorest Ireland,Ireland : Ireland(Rep.),EUR,16050 Other Current Assets : Accrued SMS,October SMS DDI,20.79,,Balance Sheet,Balance Sheet,Balance Sheet,3383
6154,2024-10-31,Ndevor Systems Ltd : Phorest Ireland,Ireland : Ireland(Rep.),EUR,40040 Sales : SMS,October SMS DDI,,27.55,Revenue,Revenue,Recurring Revenue,3337
6154,2024-10-31,Ndevor Systems Ltd : Phorest Ireland,Ireland : Ireland(Rep.),EUR,16050 Other Current Assets : Accrued SMS,October SMS DDI,27.55,,Balance Sheet,Balance Sheet,Balance Sheet,3337
6155,2024-10-31,Ndevor Systems Ltd : Phorest Ireland,Ireland : Ireland(Rep.),EUR,40040 Sales : SMS,October SMS DDI,,3.04,Revenue,Revenue,Recurring Revenue,3291
6155,2024-10-31,Ndevor Systems Ltd : Phorest Ireland,Ireland : Ireland(Rep.),EUR,16050 Other Current Assets : Accrued SMS,October SMS DDI,3.04,,Balance Sheet,Balance Sheet,Balance Sheet,3291
6156,2024-10-31,Ndevor Systems Ltd : Phorest Ireland,Ireland : Ireland(Rep.),EUR,40040 Sales : SMS,October SMS DDI,,32.42,Revenue,Revenue,Recurring Revenue,3234
6156,2024-10-31,Ndevor Systems Ltd : Phorest Ireland,Ireland : Ireland(Rep.),EUR,16050 Other Current Assets : Accrued SMS,October SMS DDI,32.42,,Balance Sheet,Balance Sheet,Balance Sheet,3234
6157,2024-10-31,Ndevor Systems Ltd : Phorest Ireland,Ireland : Ireland(Rep.),EUR,40040 Sales : SMS,October SMS DDI,,46.5,Revenue,Revenue,Recurring Revenue,3156
6157,2024-10-31,Ndevor Systems Ltd : Phorest Ireland,Ireland : Ireland(Rep.),EUR,16050 Other Current Assets : Accrued SMS,October SMS DDI,46.5,,Balance Sheet,Balance Sheet,Balance Sheet,3156
6158,2024-10-31,Ndevor Systems Ltd : Phorest Ireland,Ireland : Ireland(Rep.),EUR,40040 Sales : SMS,October SMS DDI,,37.86,Revenue,Revenue,Recurring Revenue,3057
6158,2024-10-31,Ndevor Systems Ltd : Phorest Ireland,Ireland : Ireland(Rep.),EUR,16050 Other Current Assets : Accrued SMS,October SMS DDI,37.86,,Balance Sheet,Balance Sheet,Balance Sheet,3057
6159,2024-10-31,Ndevor Systems Ltd : Phorest Ireland,Ireland : Ireland(Rep.),EUR,40040 Sales : SMS,October SMS DDI,,89.39,Revenue,Revenue,Recurring Revenue,3032
6159,2024-10-31,Ndevor Systems Ltd : Phorest Ireland,Ireland : Ireland(Rep.),EUR,16050 Other Current Assets : Accrued SMS,October SMS DDI,89.39,,Balance Sheet,Balance Sheet,Balance Sheet,3032
6160,2024-10-31,Ndevor Systems Ltd : Phorest Ireland,Ireland : Ireland(Rep.),EUR,40040 Sales : SMS,October SMS DDI,,71.4,Revenue,Revenue,Recurring Revenue,3005
6160,2024-10-31,Ndevor Systems Ltd : Phorest Ireland,Ireland : Ireland(Rep.),EUR,16050 Other Current Assets : Accrued SMS,October SMS DDI,71.4,,Balance Sheet,Balance Sheet,Balance Sheet,3005
6161,2024-10-31,Ndevor Systems Ltd : Phorest Ireland,Ireland : Ireland(Rep.),EUR,40040 Sales : SMS,October SMS DDI,,7.81,Revenue,Revenue,Recurring Revenue,2761
6161,2024-10-31,Ndevor Systems Ltd : Phorest Ireland,Ireland : Ireland(Rep.),EUR,16050 Other Current Assets : Accrued SMS,October SMS DDI,7.81,,Balance Sheet,Balance Sheet,Balance Sheet,2761
6162,2024-10-31,Ndevor Systems Ltd : Phorest Ireland : Phorest UK,UK : United Kingdom(NI),GBP,40040 Sales : SMS,October SMS DDI,,28.27,Revenue,Revenue,Recurring Revenue,2726
6162,2024-10-31,Ndevor Systems Ltd : Phorest Ireland : Phorest UK,UK : United Kingdom(NI),GBP,16050 Other Current Assets : Accrued SMS,October SMS DDI,28.27,,Balance Sheet,Balance Sheet,Balance Sheet,2726
6163,2024-10-31,Ndevor Systems Ltd : Phorest Ireland,Ireland : Ireland(Rep.),EUR,40040 Sales : SMS,October SMS DDI,,69.44,Revenue,Revenue,Recurring Revenue,2640
6163,2024-10-31,Ndevor Systems Ltd : Phorest Ireland,Ireland : Ireland(Rep.),EUR,16050 Other Current Assets : Accrued SMS,October SMS DDI,69.44,,Balance Sheet,Balance Sheet,Balance Sheet,2640
6164,2024-10-31,Ndevor Systems Ltd : Phorest Ireland : Phorest UK,UK : United Kingdom(NI),GBP,40040 Sales : SMS,October SMS DDI,,20.09,Revenue,Revenue,Recurring Revenue,2533
6164,2024-10-31,Ndevor Systems Ltd : Phorest Ireland : Phorest UK,UK : United Kingdom(NI),GBP,16050 Other Current Assets : Accrued SMS,October SMS DDI,20.09,,Balance Sheet,Balance Sheet,Balance Sheet,2533
6165,2024-10-31,Ndevor Systems Ltd : Phorest Ireland : Phorest UK,UK : United Kingdom(NI),GBP,40040 Sales : SMS,October SMS DDI,,9.1,Revenue,Revenue,Recurring Revenue,2525
6165,2024-10-31,Ndevor Systems Ltd : Phorest Ireland : Phorest UK,UK : United Kingdom(NI),GBP,16050 Other Current Assets : Accrued SMS,October SMS DDI,9.1,,Balance Sheet,Balance Sheet,Balance Sheet,2525
6166,2024-10-31,Ndevor Systems Ltd : Phorest Ireland,Ireland : Ireland(Rep.),EUR,40040 Sales : SMS,October SMS DDI,,174.24,Revenue,Revenue,Recurring Revenue,2465
6166,2024-10-31,Ndevor Systems Ltd : Phorest Ireland,Ireland : Ireland(Rep.),EUR,16050 Other Current Assets : Accrued SMS,October SMS DDI,174.24,,Balance Sheet,Balance Sheet,Balance Sheet,2465
6167,2024-10-31,Ndevor Systems Ltd : Phorest Ireland,Ireland : Ireland(Rep.),EUR,40040 Sales : SMS,October SMS DDI,,26.95,Revenue,Revenue,Recurring Revenue,2431
6167,2024-10-31,Ndevor Systems Ltd : Phorest Ireland,Ireland : Ireland(Rep.),EUR,16050 Other Current Assets : Accrued SMS,October SMS DDI,26.95,,Balance Sheet,Balance Sheet,Balance Sheet,2431
6168,2024-10-31,Ndevor Systems Ltd : Phorest Ireland,Ireland : Ireland(Rep.),EUR,40040 Sales : SMS,October SMS DDI,,21.35,Revenue,Revenue,Recurring Revenue,2209
6168,2024-10-31,Ndevor Systems Ltd : Phorest Ireland,Ireland : Ireland(Rep.),EUR,16050 Other Current Assets : Accrued SMS,October SMS DDI,21.35,,Balance Sheet,Balance Sheet,Balance Sheet,2209
6169,2024-10-31,Ndevor Systems Ltd : Phorest Ireland,Ireland : Ireland(Rep.),EUR,40040 Sales : SMS,October SMS DDI,,14.46,Revenue,Revenue,Recurring Revenue,2058
6169,2024-10-31,Ndevor Systems Ltd : Phorest Ireland,Ireland : Ireland(Rep.),EUR,16050 Other Current Assets : Accrued SMS,October SMS DDI,14.46,,Balance Sheet,Balance Sheet,Balance Sheet,2058
6170,2024-10-31,Ndevor Systems Ltd : Phorest Ireland,Ireland : Ireland(Rep.),EUR,40040 Sales : SMS,October SMS DDI,,69.79,Revenue,Revenue,Recurring Revenue,1974
6170,2024-10-31,Ndevor Systems Ltd : Phorest Ireland,Ireland : Ireland(Rep.),EUR,16050 Other Current Assets : Accrued SMS,October SMS DDI,69.79,,Balance Sheet,Balance Sheet,Balance Sheet,1974
6171,2024-10-31,Ndevor Systems Ltd : Phorest Ireland,Ireland : Ireland(Rep.),EUR,40040 Sales : SMS,October SMS DDI,,30.49,Revenue,Revenue,Recurring Revenue,1926
6171,2024-10-31,Ndevor Systems Ltd : Phorest Ireland,Ireland : Ireland(Rep.),EUR,16050 Other Current Assets : Accrued SMS,October SMS DDI,30.49,,Balance Sheet,Balance Sheet,Balance Sheet,1926
6172,2024-10-31,Ndevor Systems Ltd : Phorest Ireland,Ireland : Ireland(Rep.),EUR,40040 Sales : SMS,October SMS DDI,,70.07,Revenue,Revenue,Recurring Revenue,1915
6172,2024-10-31,Ndevor Systems Ltd : Phorest Ireland,Ireland : Ireland(Rep.),EUR,16050 Other Current Assets : Accrued SMS,October SMS DDI,70.07,,Balance Sheet,Balance Sheet,Balance Sheet,1915
